code,date,down_probability,neutral_probability,up_probability,risk_score,final_score,suggest_action
300001,2025-01-20,0.042705751195667815,0.005474294331928261,0.951819954472404,0.0,0.6577328178915491,BUY
300001,2025-01-21,0.04485541094151205,0.0017588985421389672,0.953385690516349,0.1766328629840691,0.640735614874735,BUY
002001,2025-02-05,0.043704737289913254,0.0024163638603285774,0.9538788988497581,0.21529435640518169,0.6374448460963299,BUY
300001,2025-06-05,0.043504364336802416,0.00254808426003139,0.9539475514031662,0.2413671494980038,0.6349256981650555,BUY
600001,2025-04-15,0.04129732898122517,0.006036346962925124,0.9526663240558497,0.2515196726082713,0.6334549937820226,BUY
600001,2025-03-17,0.05373554974557164,0.0033116552857730586,0.9429527949686554,0.22471433346192993,0.6268484131827514,BUY
002001,2025-04-18,0.06087838302984117,0.0007072346829238392,0.938414382287235,0.1828318667868889,0.6264312043164073,BUY
002001,2025-02-04,0.05868379495049182,0.00026452552689947093,0.9410516795226087,0.21166125569576474,0.6258332911061513,BUY
000001,2025-01-23,0.06437217691012546,0.0006811670513630795,0.9349466560385115,0.1688712088164929,0.6247011029632836,BUY
000001,2025-01-22,0.06431742643435844,0.0006927607486404057,0.9349898128170011,0.1765683347829666,0.6239725502067325,BUY
300001,2025-01-17,0.07728215068609737,0.009864852890619,0.9128529964232838,0.0,0.6235406673590792,BUY
000001,2025-01-16,0.08543895811254167,0.00046907398795588374,0.9140919678995024,0.0,0.6227765859071434,BUY
002001,2025-01-31,0.0633667897794863,0.0014641801426766334,0.935169030077837,0.22246017416714767,0.6196989456818739,BUY
600001,2025-03-06,0.06480202508131577,0.0016772811183707215,0.9335206938003136,0.21623199054299921,0.6188808815896564,BUY
600001,2025-03-24,0.06330812792284622,0.0031103495565407706,0.933581522520613,0.24101996301685047,0.6167434438781747,BUY
000001,2025-04-18,0.06370488452915724,0.007041854303308823,0.929253261167534,0.21934019988634712,0.6158022859228076,BUY
002001,2025-02-10,0.06993957983938567,0.0011254169656157997,0.9289350031949987,0.23520745709599863,0.612745840559022,BUY
000001,2025-04-16,0.06994361144047702,0.0018567788391451803,0.9281996097203777,0.2302158724367393,0.612729417272495,BUY
002001,2025-03-31,0.07193435019958248,0.0015680064674162444,0.9264976433330012,0.21502605438614178,0.6126588748545702,BUY
000001,2025-01-13,0.09600951441992783,0.0022608449008246954,0.9017296406792475,0.0,0.6120088455914876,BUY
600001,2025-03-14,0.07556066179254017,0.0009320572121329602,0.9235072809953268,0.21508285400867133,0.6098346789373535,BUY
600001,2025-02-07,0.07776332021425315,0.00026495512003884213,0.9219717246657081,0.2022988332851802,0.609597659894627,BUY
000001,2025-01-24,0.08194881126522457,0.0010244833686735232,0.9170267053661019,0.17061321398804632,0.6084676101044217,BUY
002001,2025-06-24,0.07992923578069847,0.001146440971069901,0.9189243232482316,0.19437315620327686,0.6078238634972947,BUY
002001,2025-02-12,0.07671422924276296,0.0014127402624911816,0.9218730304947459,0.23662433193286303,0.6063058423044831,BUY
000001,2025-02-20,0.07744047741160709,0.0024620737528072596,0.9200974488355856,0.22674208662107986,0.6059059100404804,BUY
600001,2025-04-16,0.07540386995769321,0.004607266669296001,0.9199888633730108,0.2440520426281884,0.60450622610675,BUY
600001,2025-03-13,0.08025182793002393,0.005111662978409447,0.9146365090915667,0.2071867545083465,0.6034765153272572,BUY
002001,2025-03-18,0.08454409958780609,0.0004198730378625046,0.9150360273743313,0.21769173246677076,0.6018472259977936,BUY
002001,2025-01-30,0.0851787749173004,0.0006228438845700874,0.9141983811981296,0.21396067684572403,0.6015070441706581,BUY
002001,2025-04-17,0.08689602865906138,0.0032093645465981883,0.9098946067943403,0.18869557328133624,0.6006774616960923,BUY
002001,2025-03-12,0.08800676840228112,0.0015572859083246026,0.9104359456893942,0.2000502568906938,0.5996987826130503,BUY
002001,2025-01-21,0.0859578052097228,0.0013143698003827275,0.9127278249898946,0.22919547908073284,0.5987983685429084,BUY
000001,2025-03-10,0.0884943083553541,0.0022090676907983863,0.9092966239538476,0.20322533227212833,0.5984862418694097,BUY
600001,2025-03-10,0.08790313210412129,0.003281056086538901,0.9088158118093398,0.2142830037724172,0.5971621414684718,BUY
002001,2025-03-07,0.0896403058319048,0.005303409841371715,0.9050562843267235,0.1901388155406297,0.5965974563082623,BUY
000001,2025-02-19,0.08839958984647607,0.002444204015985365,0.9091562061375387,0.22346183011162393,0.5963832433158194,BUY
002001,2025-02-06,0.09066206910473745,0.001454594394880754,0.9078833365003819,0.21437566385859783,0.59594835534346,BUY
002001,2025-01-17,0.10974812223610211,0.008933235059750551,0.8813186427041473,0.0,0.5949734254456827,BUY
002001,2025-04-16,0.0977140126697227,0.0009175008388349691,0.9013684864914423,0.18576339954589444,0.5928387980554756,BUY
600001,2025-03-11,0.09572814495977366,0.0004856042533472311,0.903786250786879,0.2083890655508208,0.5926658400037785,BUY
600001,2025-04-17,0.08799107115028483,0.008281497062335635,0.9037274317873796,0.22558838720612287,0.5924521493004965,BUY
000001,2025-04-24,0.10030023986316333,0.0017699103343215327,0.8979298498025151,0.20416527901712,0.5880743189874159,BUY
002001,2025-06-23,0.10224810551377936,0.0005072578476399075,0.8972446366385807,0.19940899437092313,0.5876807251071583,BUY
000001,2025-04-17,0.10076216482626807,0.0010013181919810675,0.8982365169817508,0.22592639105278908,0.5860204898166931,BUY
002001,2025-04-03,0.10443595891322514,0.0017128486622536158,0.8938511924245213,0.18944538705027408,0.5858641042094924,BUY
600001,2025-02-05,0.1034568269400163,0.004230665392636408,0.8923125076673472,0.19674268619563973,0.5842531213595756,BUY
000001,2025-01-14,0.1270705355112582,0.002885194942359413,0.8700442695463824,0.0,0.583616881580216,BUY
000001,2025-01-15,0.12781267571824267,0.0021435776423718734,0.8700437466393853,0.0,0.5834680875039211,BUY
300001,2025-04-08,0.09999934943801184,0.00430776211058776,0.8956928884514004,0.2490546173533456,0.5820796902930433,BUY
002001,2025-04-02,0.10966872088154613,0.0020202531056939324,0.88831102601276,0.1846457662316195,0.5814193974094608,BUY
600001,2025-03-18,0.10901445397552109,0.0007240912298204958,0.8902614547946585,0.22209138302074072,0.5791709892590826,BUY
000001,2025-01-27,0.11592461750326827,0.0011399514070281217,0.8829354310897037,0.16481424668616157,0.5783884535935228,BUY
002001,2025-03-26,0.11276227007300146,0.001556088019665744,0.8856816419073329,0.194333289614584,0.5779913663590743,BUY
300001,2025-06-06,0.10639020082661146,0.0068244213137895575,0.8867853778595991,0.23447367719743673,0.5760243566166534,BUY
002001,2025-01-29,0.11388559217612508,0.0007412912498458427,0.8853731165740291,0.22478430131882737,0.5745056330347125,BUY
300001,2025-04-22,0.11462197495816184,0.002154785902735945,0.8832232391391023,0.2625105788671226,0.569080814519027,BUY
300001,2025-04-17,0.11751193448629615,0.0009362683665638841,0.8815517971471399,0.2457093876165376,0.5690129323440849,BUY
002001,2025-03-19,0.12277520015296016,0.0005897583855511489,0.8766350414614887,0.20907268213552643,0.5681822207788975,BUY
002001,2025-03-04,0.1196202261021945,0.004025656773699675,0.8763541171241058,0.2165651779545484,0.5678673189709803,BUY
000001,2025-03-17,0.12754884382261755,0.00043254811126491264,0.8720186080661176,0.18409824723912088,0.5664934321578468,BUY
600001,2025-01-16,0.1363292196540729,0.0156906858421473,0.8479800945037799,0.0,0.5663202222218313,BUY
300001,2025-04-03,0.12374149561180928,0.005062004562098361,0.8711964998260924,0.21029392823611154,0.5640598579322916,BUY
000001,2025-02-21,0.12578084300340858,0.0048026631023102935,0.8694164938942811,0.19528044503785263,0.5639073326215297,BUY
000001,2025-03-06,0.12816865873397726,0.0019011266533504902,0.8699302146126723,0.20564697418324773,0.5627527210637503,BUY
600001,2025-05-07,0.13320259556055905,0.0020913681349964946,0.8647060363044445,0.1786062624549503,0.5607930800555043,BUY
002001,2025-01-22,0.12943972750468394,0.002588237030889002,0.8679720354644271,0.22803346051619186,0.5588891332725431,BUY
300001,2025-04-16,0.13166357948649535,0.002267082372840315,0.8660693381406644,0.2635598397668803,0.5535598368244781,BUY
002001,2025-04-15,0.13879159136107194,0.0036871631909134797,0.8575212454480144,0.1918627636746929,0.5533202771739264,BUY
300001,2025-04-15,0.13476272869557676,0.0006579941188968672,0.8645792771855264,0.27127358940974033,0.5511255893497791,BUY
000001,2025-03-12,0.1447058856142566,0.0007385582320738372,0.8545555561536696,0.1856149876823937,0.550686213416478,BUY
002001,2025-06-20,0.14310714245106465,0.009480380428215472,0.84741247712072,0.20103441408950148,0.5444638640853409,BUY
002001,2025-06-25,0.1504855122949171,0.0017486287058255281,0.8477658589992573,0.1984564801572824,0.5434933508247685,BUY
002001,2025-03-05,0.13431529177993606,0.029480318261288604,0.8362043899587753,0.2030022037092026,0.5381797942442352,BUY
300001,2025-04-21,0.15335818419039268,0.0017319215485155977,0.8449098942610918,0.24681934165122055,0.5360833549795636,BUY
300001,2025-06-27,0.15484827237562165,0.00105553115984615,0.8440961964645323,0.23916894882055476,0.5359807881679927,BUY
000001,2025-01-09,0.16976727528789715,0.01744800991028359,0.8127847148018192,0.0,0.534995845303694,BUY
300001,2025-06-02,0.1666817998935486,0.0007494266972152811,0.8325687734092362,0.21354977838252875,0.5281068035695026,BUY
000001,2025-03-13,0.17828437499734887,0.0008787888453608884,0.8208368361572903,0.1883595605573585,0.5200929542548975,BUY
300001,2025-04-04,0.1737923475703994,0.005286992592752837,0.8209206598368477,0.2071592853704965,0.5191700638346638,BUY
000001,2025-04-10,0.17414018736707754,0.0005135837100736477,0.8253462289228488,0.26500473891768384,0.5164138488808102,BUY
002001,2025-04-04,0.18275418721569983,0.0008676749470073364,0.8163781378372928,0.1862316690423499,0.51629069213873,BUY
002001,2025-05-23,0.1666880223686196,0.015262849627880007,0.8180491280035004,0.2351854430172019,0.5157782408270062,BUY
300001,2025-03-11,0.17949197723931865,0.002576492574291467,0.81793153018639,0.21881691652013097,0.514771984030596,BUY
002001,2025-02-03,0.18237089294013328,0.0008354690127326545,0.8167936380471341,0.21503831367909587,0.5137775366770576,BUY
002001,2025-01-14,0.20733949754409864,0.005537144761406791,0.7871233576944946,0.0,0.5095184508773265,BUY
000001,2025-01-21,0.1889991208287011,0.000606450248336627,0.8103944289229622,0.20548884751832305,0.5089273913285011,BUY
600001,2025-06-11,0.19024342787827808,0.0013324597016144144,0.8084241124201076,0.21640283116829045,0.5062079100015905,BUY
600001,2025-06-12,0.1911842111127684,0.002572787802385181,0.8062430010848465,0.21320728549273746,0.5048125299875652,BUY
600001,2025-01-31,0.19561184389634872,0.002948401751564098,0.8014397543520871,0.18972980442663084,0.5029124788245282,BUY
300001,2025-06-25,0.19432027232192242,0.0007345964937917281,0.8049451311842858,0.23084649246439257,0.5015128881181763,BUY
300001,2025-03-04,0.17771785748658972,0.025537908531946613,0.7967442339814637,0.20968925826528367,0.5012084664631783,BUY
300001,2025-06-09,0.18291388873715325,0.013365643928646186,0.8037204673342006,0.24978939892764354,0.5010426094937454,BUY
600001,2025-06-03,0.19306670749257576,0.004254503712462902,0.8026787887949615,0.22289229074276132,0.5009725815836817,BUY
002001,2025-06-26,0.19828295285092803,0.0015598256218836756,0.8001572215271884,0.21195008769370616,0.49925845572947547,BUY
600001,2025-05-05,0.18371874609684716,0.04021083680763277,0.77607041709552,0.1761114606869986,0.48889439667879475,BUY
002001,2025-04-07,0.21414990701017905,0.001636763066757075,0.7842133299230639,0.17718489189834058,0.48840086035427493,BUY
300001,2025-03-28,0.20606493092113043,0.004941609103257072,0.7889934599756125,0.23072156367011878,0.48801027943169073,BUY
600001,2025-01-09,0.2422550451999205,0.0024662363239531856,0.7552787184761264,0.0,0.48024409389330436,BUY
300001,2025-05-09,0.21364128579158953,0.009809903294610237,0.7765488109138003,0.21642565551194895,0.47921334493014744,BUY
000001,2025-06-26,0.21709834376099793,0.006438424576840734,0.7764632316621612,0.21685593504709277,0.4784189999066039,BUY
300001,2025-05-29,0.2239312892228721,0.002264582508519974,0.773804128268608,0.208453653482212,0.47603126659523,BUY
002001,2025-05-05,0.22882146985242346,0.004303964714615523,0.7668745654329611,0.18822421856529606,0.4722254799760584,BUY
300001,2025-06-16,0.22125929780816728,0.003925646159661061,0.7748150560321717,0.26723460125168313,0.47139521953571845,BUY
000001,2025-02-18,0.22672834060110542,0.004341313712389791,0.7689303456865048,0.2238492884709456,0.47052064501323765,BUY
000001,2025-06-27,0.22564850739391734,0.0086974322165779,0.7656540603895047,0.21242008253550732,0.469586132540319,BUY
600001,2025-06-10,0.23242743554625456,0.003178653397049796,0.7643939110566957,0.2185147016759164,0.4667387804628444,BUY
002001,2025-06-27,0.23541540764864355,0.003979592263408725,0.7606050000879477,0.2107216339036143,0.4642682551414732,BUY
300001,2025-06-04,0.23725869282407208,0.0018952860093121473,0.7608460211666158,0.21501683536729585,0.46363879271508696,BUY
300001,2025-04-14,0.23290584150236587,0.002043559037441713,0.7650505994601924,0.27055600995346474,0.4618986503263149,BUY
000001,2025-01-31,0.2405165246561613,0.0022020528103945058,0.7572814225334442,0.20144313506078104,0.4618493773361006,BUY
600001,2025-05-01,0.23691602967557596,0.012150963613248408,0.7509330067111756,0.16437605022046953,0.46183229374066076,BUY
000001,2025-02-05,0.24175044777186072,0.0017472930983241475,0.7565022591298153,0.20720187080651664,0.46048130475584687,BUY
600001,2025-04-14,0.22484283443021422,0.021020784333972413,0.7541363812358134,0.25877800700503006,0.45704909927852355,BUY
300001,2025-01-27,0.25958109646530814,0.0005777662671644011,0.7398411372675274,0.17162733962118298,0.4488098428320892,WATCH
002001,2025-05-26,0.23079766865380744,0.028718989697994624,0.740483341648198,0.2687540535075241,0.44530340007222463,WATCH
000001,2025-04-22,0.258839703277696,0.00439361686039357,0.7367666798619104,0.20532774029759407,0.4434359612180387,WATCH
000001,2025-01-28,0.2647007739664021,0.003797627911152575,0.7315015981224453,0.18573762564127297,0.44053720132830404,WATCH
000001,2025-04-21,0.26549309771883267,0.0013216590862001004,0.7331852431949673,0.2057872028813259,0.4395523304045779,WATCH
600001,2025-04-28,0.26830290447591576,0.004847241056050551,0.7268498544680337,0.17101308922494188,0.43803300830994624,WATCH
000001,2025-05-27,0.2721152001647295,0.0012191325520947687,0.7266656672831757,0.2111148744485576,0.43313143962042133,WATCH
000001,2025-05-19,0.18458723668907212,0.10968077290655216,0.7057319904043756,0.26215414567969775,0.4308795313772787,WATCH
000001,2025-04-23,0.27862619842966513,0.003465442446283385,0.7179083591240515,0.18295521601904458,0.4285150900989985,WATCH
300001,2025-06-23,0.2774709681210332,0.0007051477910997818,0.721823884087867,0.24703187844959687,0.4250793373923406,WATCH
600001,2025-06-25,0.2614737144075843,0.02827949099492136,0.7102467945974943,0.2083663432742601,0.4240413790093031,WATCH
600001,2025-04-30,0.29868607364964306,0.0016263606255783954,0.6996875657247785,0.1666993620188103,0.4133741450755353,WATCH
300001,2025-03-05,0.30001227017323995,0.0007510687680136319,0.6992366610587465,0.20483440848194345,0.40897976785828016,WATCH
300001,2025-05-30,0.3285932223807384,0.0013408620001150611,0.6700659156191465,0.20661032226949785,0.38266646423030504,WATCH
000001,2025-05-23,0.32174122647343933,0.004098975786969095,0.6741597977395916,0.25157534875448306,0.3824060782475779,WATCH
600001,2025-05-06,0.33322256560547153,0.0024937996045371635,0.6642836347899913,0.17137980050931184,0.38121605118096835,WATCH
000001,2025-06-17,0.3436788718189859,0.001043966784276827,0.6552771613967372,0.22066467106225862,0.367891771507693,WATCH
002001,2025-05-07,0.35399679274702356,0.0005180658373935518,0.6454851414155828,0.17321898359368149,0.36371834208213505,WATCH
600001,2025-06-27,0.3502165912695854,0.0008787973532819502,0.6489046113771326,0.2107951633791982,0.3631103933721559,WATCH
000001,2025-06-30,0.3568461637433236,0.0014356809390230704,0.6417181553176534,0.1962999699273714,0.35820347898095545,WATCH
002001,2025-05-21,0.33388417830193,0.03247231554289027,0.6336435061551797,0.23087085410975866,0.3536865332372639,WATCH
300001,2025-06-13,0.3637158627948744,0.001749959304969643,0.634534177900156,0.2504628451483143,0.34638446745630286,WATCH
600001,2025-01-02,0.3939691084478385,0.004887529262237196,0.6011433622899242,0.0,0.34200653191337915,WATCH
600001,2025-05-02,0.4038939117502053,0.0010008730708077722,0.5951052151789868,0.16069626693407868,0.31972524158184185,WATCH
300001,2025-06-10,0.3983461872241425,0.003486399761003277,0.5981674130148542,0.24029486566533576,0.3150184650990358,WATCH
300001,2025-06-03,0.40246860603398904,0.002890853991472962,0.594640539974538,0.20955961403994788,0.314798695371384,WATCH
000001,2025-04-25,0.40781382141205613,0.0011132857872425512,0.5910728928007012,0.20903782875060684,0.31128447780301893,WATCH
300001,2025-06-12,0.4065093215339514,0.0027665570835250313,0.5907241213825236,0.25035952384050525,0.3071690682769257,WATCH
300001,2025-05-15,0.41669951233906155,0.001604125361108722,0.5816963622998298,0.22719494756663866,0.3011280563854047,WATCH
300001,2025-06-20,0.417369905145696,0.0008799004981268806,0.5817501943561771,0.2464230705142218,0.2991088479687626,WATCH
000001,2025-05-16,0.38745299246164,0.037334615402763595,0.5752123921355965,0.2821422948422859,0.2969438465183609,WATCH
300001,2025-06-17,0.42997784647058396,0.0021040566659652525,0.5679180968634507,0.263821788383373,0.2851649196719614,WATCH
002001,2025-05-06,0.44196507841260485,0.0005863253380728877,0.5574485962493223,0.17393632168015577,0.28442736952398906,WATCH
300001,2025-06-24,0.4235083019414769,0.01458032316748519,0.561911374891038,0.24490130326189063,0.28414617170924217,WATCH
600001,2025-06-06,0.4454815900301429,0.0008904890004173347,0.5536279209694397,0.20909950743647815,0.27753327592893134,WATCH
000001,2025-05-02,0.4596206646025596,0.003816122890758052,0.5365632125066824,0.26509867143835486,0.2571602486903302,WATCH
000001,2025-05-12,0.45309457329109526,0.015719511709363653,0.531185914999541,0.29009200365267307,0.2522020254761923,WATCH
000001,2025-05-28,0.4504180941382337,0.03586194205136705,0.5137199638103993,0.22475752592847478,0.24704460324678526,WATCH
002001,2025-01-01,0.5111118828071547,0.001805813889928888,0.4870823033029163,0.0,0.23873523575061045,WATCH
300001,2025-05-08,0.4590179258514619,0.03592720000356535,0.5050548741449727,0.23193833199101355,0.2385409935320872,WATCH
000001,2025-06-18,0.49317680349372334,0.0007570680111443723,0.5060661284951323,0.20483011622791772,0.2351279176250562,WATCH
000001,2025-05-29,0.29803847323188365,0.24720133340260522,0.4547601933655112,0.25062023154749824,0.23366241755473127,WATCH
600001,2025-06-13,0.49673036077123883,0.0024017837656040253,0.5008678554631572,0.213823891391571,0.2298790375308051,WATCH
600001,2025-05-22,0.5237881582576621,0.0005482016072259008,0.475663640135112,0.16841091266294042,0.2113658251767519,WATCH
600001,2025-06-24,0.5222900274923395,0.0021377759529145543,0.4755721965547459,0.20329339575876296,0.20811319251397792,WATCH
600001,2025-06-04,0.5135708432579429,0.010900740557228682,0.4755284161848284,0.22247921227646797,0.20790780145014445,WATCH
000001,2025-06-24,0.5243118726085916,0.0047698456330190694,0.4709182817583893,0.21529219330197022,0.20325120337895713,WATCH
600001,2025-06-23,0.5118988740222381,0.020657288686418696,0.46744383729134314,0.21967736200499316,0.2028631750989932,WATCH
600001,2025-04-22,0.5280511687843208,0.013522936597519882,0.45842589461815925,0.17254948340303153,0.19803294413554412,WATCH
300001,2025-05-14,0.5387963490778839,0.0009987189749019766,0.46020493194721424,0.21714802244609827,0.19266938030286332,WATCH
600001,2025-05-08,0.5421861609226889,0.0039040880937595357,0.45390975098355146,0.17672510860948423,0.1916270826429998,WATCH
000001,2025-05-13,0.45031583429806993,0.10646992929549695,0.4432142364064331,0.2896501515487968,0.19122178347000945,WATCH
002001,2025-06-09,0.5598272911557588,0.0011242561621606128,0.4390484526820806,0.2442091821320559,0.170947540433099,WATCH
300001,2025-05-16,0.5623734429377245,0.004702002799950098,0.4329245542623255,0.21155287699665531,0.1694172116964174,WATCH
000001,2025-06-10,0.5458270831026887,0.024689735062816832,0.42948318183449447,0.22272063813518334,0.16920074685009004,WATCH
000001,2025-06-03,0.52499415824763,0.05656828222373243,0.4184375595286376,0.23994050070679862,0.1639134099498404,WATCH
300001,2025-06-11,0.56794716801829,0.0009844019921973774,0.43106842998951245,0.2541611427768716,0.1627423531113135,WATCH
300001,2025-04-24,0.5687693224811965,0.0008981909160227625,0.43033248660278073,0.2585665548037363,0.16162222064533355,WATCH
002001,2025-06-18,0.5721383498873399,0.008451117615414413,0.41941053249724564,0.2132497609891454,0.1578347266716894,WATCH
002001,2025-06-19,0.5878700382691934,0.0018895251420117634,0.41024043658879483,0.20854956588535714,0.14873934136978195,WATCH
000001,2025-06-04,0.460980754207775,0.16379874490802224,0.37522050088420283,0.2545781067129704,0.14500038910608992,WATCH
000001,2025-05-22,0.5960018931969434,0.0014528752547186708,0.4025452315483379,0.2568725291109749,0.13689403053335028,WATCH
000001,2025-06-09,0.5869586572201234,0.019799325093298906,0.3932420176865777,0.23464346321365934,0.13441333461521374,WATCH
002001,2025-05-08,0.6105021637279162,0.00147552376506973,0.38802231250701413,0.17552096953242707,0.13196308905608392,WATCH
300001,2025-05-07,0.5966717224238977,0.012845104508611354,0.3904831730674909,0.2390216319021933,0.13010171347224475,WATCH
300001,2025-06-19,0.6114562436432913,0.0017027401652096267,0.38684101619149897,0.24380163779819675,0.1241172988255713,WATCH
300001,2025-04-23,0.6137739152415639,0.0005711415038129284,0.385654943254623,0.26025296508832513,0.12117838072109083,WATCH
002001,2025-06-30,0.6074303410327577,0.016929228507493805,0.37564043045974843,0.2078626379755283,0.12067596931771951,WATCH
000001,2025-06-19,0.6365055337126492,0.0020137313412738507,0.36148073494607696,0.21709227773806847,0.10402617994591715,WATCH
300001,2025-05-06,0.5930610451290306,0.07510811896242169,0.33183083590854784,0.24194765328999412,0.08947461078117792,AVOID
600001,2025-06-02,0.6563213974508271,0.00747625873780029,0.33620234381137265,0.2234258995120106,0.08173477122659437,AVOID
002001,2025-05-09,0.6694610521287944,0.002046196287434565,0.32849275158377095,0.16620375270801035,0.07943234041207972,AVOID
600001,2025-05-20,0.6710548268344241,0.0009358762710997058,0.3280092968944762,0.1694357850924582,0.0784519639500027,AVOID
002001,2025-05-19,0.6263047496451317,0.051121410882310314,0.3225738394725581,0.22197987450754691,0.07834275025100962,AVOID
002001,2025-06-06,0.6687782163055186,0.001885934927184776,0.3293358487672966,0.25176006971986564,0.07160344390401731,AVOID
000001,2025-05-21,0.6399804112487912,0.04407961766856257,0.3159399710826462,0.2666214008650796,0.06649975742158612,AVOID
002001,2025-05-27,0.6628058512121333,0.01675344764221275,0.320440701145654,0.2685678742477421,0.0648905331347569,AVOID
300001,2025-05-12,0.6554682911330837,0.03556283878271136,0.3089688700842049,0.2035009825241479,0.06483445257991188,AVOID
000001,2025-06-06,0.6711282490215863,0.022183479583319624,0.306688271395094,0.223726113497616,0.058083528822486956,AVOID
600001,2025-05-28,0.6934573604278952,0.0014996208225733253,0.30504301874953155,0.17641700429497267,0.05719694060959575,AVOID
600001,2025-06-20,0.6847011619469582,0.006156204464182852,0.3091426335888589,0.2232051820916822,0.05713909291364136,AVOID
300001,2025-05-20,0.6863093182730926,0.0055452683188470546,0.3081454134080603,0.2206347809446788,0.05637644763655577,AVOID
002001,2025-04-24,0.6945647957747063,0.003147740498383705,0.30228746372691007,0.177900581063262,0.05489820734756958,AVOID
002001,2025-04-28,0.6959370205974517,0.0008011763212526583,0.3032618030812957,0.183665390517662,0.05472931898565041,AVOID
002001,2025-05-30,0.6813521237052238,0.019421688276761984,0.2992261880180142,0.29601376741594493,0.043586530129970685,AVOID
002001,2025-05-16,0.6814059556541637,0.02642138113690339,0.2921726632089328,0.24804921155618498,0.043434751959801704,AVOID
600001,2025-05-09,0.7056218639127642,0.007644107428500218,0.28673402865873554,0.17769177670582462,0.04182026960797959,AVOID
600001,2025-06-26,0.7130734456594449,0.005174023064394353,0.28175253127616073,0.20795077476413568,0.03381700528500994,AVOID
000001,2025-05-08,0.6964889229503038,0.032788071293796406,0.2707230057558997,0.3053540773063344,0.019672911708435534,AVOID
300001,2025-01-16,0.023614792832031765,0.9444164270478937,0.03196878012007454,0.0,0.017655187517645825,AVOID
600001,2025-01-15,0.033798128487776365,0.9325246680685159,0.03367720344370781,0.0,0.01681441671304019,AVOID
300001,2025-05-21,0.7306817217170446,0.009533868496383605,0.25978440978657175,0.22023027941424167,0.01368971456576714,AVOID
000001,2025-06-25,0.7403693361508912,0.0008641969167720387,0.25876646693233674,0.20602191949458715,0.012460467672998753,AVOID
002001,2025-05-02,0.7423076699488592,0.0014903819468622805,0.2562019481042785,0.1929046878211417,0.011589360901108917,AVOID
600001,2025-01-20,0.07228489471433672,0.8911659943635263,0.03654911092213709,0.0,0.01112739870262862,AVOID
002001,2025-03-06,0.027337394691935198,0.9242758127922748,0.04838679251579015,0.19536406980948276,0.00886686884171779,AVOID
000001,2025-05-01,0.7370992074481252,0.00219510395040019,0.26070568860147464,0.26246356015831523,0.008827784515575674,AVOID
000001,2025-05-26,0.7440040840841977,0.0008684015217860643,0.2551275143940162,0.22058179311069553,0.00773026394790223,AVOID
600001,2025-05-30,0.7462565970344227,0.0046473739252167025,0.24909602904036063,0.1971606168593765,0.005399839235430245,AVOID
300001,2025-06-30,0.7515993929770772,0.0009271407290307599,0.24747346629389202,0.2406955429289322,-0.001158006482584257,AVOID
300001,2025-02-20,0.02303141144356882,0.9375846240666458,0.0393839644897852,0.24524564651918018,-0.0015620717977821441,AVOID
000001,2025-06-16,0.7528207972296292,0.0027093196448186975,0.2444698831255521,0.2299833286545053,-0.002433574123489938,AVOID
300001,2025-01-15,0.04821302414712226,0.9442394652964822,0.007547510556395517,0.0,-0.00435934743994759,AVOID
600001,2025-03-20,0.7602936845108829,0.0012000999696276016,0.23850621551948945,0.206966788379967,-0.0058010648765306795,AVOID
002001,2025-03-27,0.03400884576239321,0.9394598339917706,0.026531320245836036,0.20651698943239766,-0.008881543923633184,AVOID
600001,2025-05-21,0.7706214623228222,0.0008537475702306743,0.2285247901069471,0.16492775970823573,-0.010649715360525083,AVOID
300001,2025-02-19,0.014366700705454016,0.9618251687506841,0.023808130543862004,0.248118644066226,-0.011019513167010001,AVOID
600001,2025-05-15,0.7699188396446872,0.001976934331322255,0.22810422602399053,0.1796777442043543,-0.012278584132579515,AVOID
000001,2025-05-30,0.7573437939037374,0.01228327556536357,0.230372930530899,0.24162818391250881,-0.014370525800369086,AVOID
000001,2025-05-20,0.7530059037446019,0.01594369988641105,0.2310503963689872,0.2742463493580404,-0.016290538226433383,AVOID
300001,2025-02-13,0.04504812148430251,0.9357625362705441,0.0191893422451533,0.2574040785879835,-0.021317492584051544,AVOID
300001,2025-05-19,0.7679808427454097,0.014705421757841643,0.21731373549674876,0.23146738899616537,-0.024623292600974362,AVOID
002001,2025-05-28,0.6882461321064909,0.11023746178306129,0.20151640611044777,0.2869249519185743,-0.02528023733584217,AVOID
002001,2025-06-11,0.7763989172777404,0.003942037243023284,0.21965904547923637,0.23870392169121007,-0.025388843789203638,AVOID
600001,2025-05-27,0.786666365928073,0.00094184859721301,0.2123917854747139,0.17543652208672306,-0.026202675561987198,AVOID
000001,2025-04-03,0.041898332103536766,0.9422727182800349,0.015828949616428334,0.29192191593610184,-0.026491593282817708,AVOID
000001,2025-06-05,0.7529941790666554,0.03879539324419648,0.20821042768914816,0.23065730962194925,-0.02791726739312235,AVOID
300001,2025-03-14,0.09423299890616878,0.8913543075280442,0.014412693565787093,0.2221562774520161,-0.030973342030384404,AVOID
002001,2025-02-14,0.07835873966085309,0.9128923779199433,0.008748882419203819,0.24068893075677386,-0.033616423314405335,AVOID
002001,2025-05-22,0.23021836087187822,0.7196697292164735,0.050111909911648336,0.23381644865067808,-0.03434698010128962,AVOID
000001,2025-05-09,0.7747718887146507,0.011625469893445161,0.2136026413919039,0.29334606210069303,-0.034767134978666736,AVOID
002001,2025-04-22,0.8037940838322438,0.000952516968773455,0.19525339919898266,0.18259393385921707,-0.04234083071308263,AVOID
300001,2025-04-18,0.8118122796566327,0.0012660662587797775,0.18692165408458758,0.24417278661804323,-0.05593457673391958,AVOID
002001,2025-02-07,0.8180324898826699,0.0010593774429843118,0.18090813267434583,0.21515557173996358,-0.058486362278488274,AVOID
600001,2025-03-05,0.8192516430108158,0.0010673466764056165,0.17968101031277872,0.21659626519888062,-0.059733247903106135,AVOID
002001,2025-05-14,0.8163671840887842,0.011224165898871121,0.17240865001234476,0.2099335852084453,-0.06358074032996006,AVOID
002001,2025-06-16,0.827246063672931,0.0006865285928011961,0.1720674077342679,0.2268934528051677,-0.06769137260111546,AVOID
600001,2025-06-17,0.8276616566758285,0.0016886685320183228,0.17064967479215323,0.220331804560431,-0.06811073943670155,AVOID
600001,2025-01-01,0.8532835869370111,0.0011514025539140387,0.1455650105090749,0.0,-0.06876121003104982,AVOID
600001,2025-01-06,0.8539384046973679,0.0007786204040514891,0.1452829748985807,0.0,-0.06908959851046713,AVOID
300001,2025-01-02,0.8544059474432952,0.0016693553881965827,0.1439246971685084,0.0,-0.07013390147070318,AVOID
600001,2025-05-13,0.8327470116701314,0.008459837185374415,0.15879315114449427,0.1678842788642897,-0.07218262441930928,AVOID
002001,2025-03-28,0.8339698237496782,0.002839040658601339,0.16319113559172052,0.19920309257888086,-0.07248047909361939,AVOID
600001,2025-04-23,0.8414877559756003,0.000811932326243076,0.15770031169815657,0.17225559787635336,-0.07513289279404582,AVOID
300001,2025-06-26,0.8384926622160029,0.001320146964597545,0.16018719081939953,0.23532140724586809,-0.07909963959420775,AVOID
300001,2025-05-05,0.593787638496164,0.31529818198115567,0.09091417952268038,0.24793449235185558,-0.0799110512685421,AVOID
300001,2025-01-30,0.8478794799067719,0.0009222471311101229,0.15119827296211805,0.16878478168774574,-0.08061558307664635,AVOID
000001,2025-01-29,0.8352676662151458,0.015624732694679625,0.14910760109017454,0.19021642671677347,-0.08169985515158436,AVOID
600001,2025-06-16,0.8459071407164381,0.0014772580305035003,0.15261560125305845,0.20752074733412512,-0.08310258199955922,AVOID
000001,2025-05-07,0.7917115674749089,0.059702576058662235,0.1485858564664289,0.29119377768738175,-0.08345159173721974,AVOID
600001,2025-05-14,0.8560161856458606,0.004412684342362355,0.13957113001177715,0.1701935185219119,-0.09052279797311932,AVOID
600001,2025-05-23,0.8590078259871052,0.0017650216045718315,0.13922715240832292,0.16306516762803908,-0.09064907527439894,AVOID
000001,2025-01-20,0.8780786882953023,0.0007984074090149682,0.12112290429568272,0.0,-0.09082970465208257,AVOID
000001,2025-03-18,0.8600005143929549,0.0006612782205067006,0.13933820738653843,0.18026019611222258,-0.09248937731923636,AVOID
000001,2025-05-15,0.7947713773383476,0.07479471678508512,0.13043390587656736,0.27211335441331846,-0.09486187679540423,AVOID
000001,2025-06-13,0.8560440783590937,0.0030942468649820904,0.1408616747759243,0.2339094774279035,-0.0959965910714621,AVOID
000001,2025-06-02,0.8580639044086613,0.001638671390381962,0.14029742420095676,0.234670247848271,-0.09687160872588965,AVOID
002001,2025-06-04,0.8053286357698272,0.06877869383860982,0.12589267039156296,0.25869513508224046,-0.09881037138809542,AVOID
600001,2025-05-16,0.8688374947115873,0.0024117858498761734,0.1287507194385365,0.18271903523490948,-0.10191389885883287,AVOID
002001,2025-04-23,0.8723815015211416,0.0004750734154577562,0.12714342506340084,0.17327715688634546,-0.10280361844848229,AVOID
002001,2025-04-25,0.8718844906737803,0.0004941101825555148,0.12762139914366424,0.17868884248293584,-0.10291080298248469,AVOID
300001,2025-05-28,0.8705735454274541,0.00046208163844421973,0.12896437293410165,0.20306397074981222,-0.10414604510660092,AVOID
002001,2025-01-13,0.8910721686109946,0.003201280828720098,0.10572655056028532,0.0,-0.1042058483299992,AVOID
002001,2025-06-02,0.8402946267265857,0.028054840075465746,0.1316505331979485,0.28826329485160973,-0.1047298815919142,AVOID
600001,2025-01-08,0.8939510307660247,0.0012962258650867412,0.1047527433688886,0.0,-0.10546328579498294,AVOID
300001,2025-01-23,0.875293783572717,0.0011475908649246096,0.12355862556235851,0.17856855578538933,-0.10642457439943138,AVOID
600001,2025-04-21,0.8718557896770421,0.00548486710623059,0.12265934321672711,0.19129461017300994,-0.10763907870100047,AVOID
300001,2025-01-08,0.8939945881753529,0.005052715319651129,0.100952696504996,0.0,-0.10813203008157342,AVOID
000001,2025-06-20,0.8707692484894413,0.001843872514189428,0.1273868789963692,0.23547863967354216,-0.10853089836778405,AVOID
600001,2025-06-09,0.8762551183827204,0.0008524478850693364,0.12289243373221016,0.20808876016594574,-0.11003519608059158,AVOID
600001,2025-05-29,0.8780355237105532,0.0016088241427965446,0.12035565214665042,0.19161051524246897,-0.11051919976370224,AVOID
002001,2025-01-10,0.9003310200449597,0.0028033453417315155,0.09686563461330878,0.0,-0.11226025977967581,AVOID
002001,2025-01-16,0.9004903539657595,0.006363961533927007,0.09314568450031355,0.0,-0.11489609164293242,AVOID
300001,2025-01-14,0.9039314437934541,0.0041375631413984575,0.09193099306514757,0.0,-0.11643459361308756,AVOID
600001,2025-04-29,0.8885565622466084,0.0017422273300529928,0.10970121042333843,0.17137126612468523,-0.11805759176545333,AVOID
600001,2025-05-26,0.8883092395646335,0.0015865386885335869,0.11010422174683279,0.17494419160231345,-0.11808331185037513,AVOID
002001,2025-01-28,0.8850968501103759,0.0007425327461431559,0.11416061714348098,0.2230924138855619,-0.1194161794101947,AVOID
002001,2025-03-20,0.8890555758611554,0.001092456421296211,0.10985196771754839,0.19879093011553897,-0.1207938307815011,AVOID
300001,2025-02-21,0.8765162079009363,0.016388946112492118,0.10709484598657157,0.21632557910875044,-0.12196940730046224,AVOID
300001,2025-06-18,0.884829174386546,0.000752301608471335,0.11441852400498259,0.2519557552445094,-0.12206844359827235,AVOID
002001,2025-01-20,0.9060261034736167,0.010913253417541227,0.08306064310884197,0.0,-0.12306277051853395,AVOID
002001,2025-05-12,0.8946005293977557,0.0012533293455146929,0.10414614125672951,0.17434939511725994,-0.12345274651156649,AVOID
300001,2025-05-23,0.8821929834182498,0.01216877521938672,0.10563824136236344,0.2101106017462255,-0.12350288790461812,AVOID
000001,2025-06-23,0.8914790856017477,0.0009401193374669876,0.10758079506078529,0.22582052295529734,-0.1255713128733296,AVOID
000001,2025-04-04,0.8833686473060827,0.004893374949314041,0.11173797774460328,0.2806263609462261,-0.12651978113461684,AVOID
600001,2025-06-30,0.8938458467821714,0.0033189328415381774,0.10283522037629028,0.19942765028754605,-0.1267272801217857,AVOID
600001,2025-05-19,0.896081342902664,0.0042396151410744095,0.09967904195626158,0.18950687039980096,-0.1283916262511298,AVOID
002001,2025-03-24,0.8996731751012118,0.0018731026369570762,0.09845372226183129,0.17821764376043125,-0.1288387938130036,AVOID
600001,2025-01-30,0.9004387536994108,0.0012755498436338,0.0982856964569554,0.19021032556526987,-0.1303087957765404,AVOID
600001,2025-04-18,0.8992908788906218,0.0032025255485634684,0.09750659556081484,0.2031349281790667,-0.13191705170346063,AVOID
600001,2025-03-19,0.9019362783455219,0.00039115745844381383,0.09767256419603443,0.20546533652888457,-0.13256299438476876,AVOID
300001,2025-04-09,0.897143089014716,0.0012110294639086805,0.10164588152137535,0.2431562386239408,-0.13259212460037453,AVOID
600001,2025-01-13,0.9234585488681171,0.0021884691994286526,0.07435298193245432,0.0,-0.1326446224209054,AVOID
300001,2025-05-26,0.9026243256801368,0.0008841203645471406,0.09649155395531617,0.19857735485041628,-0.1328385128523477,AVOID
600001,2025-02-21,0.9012642858146243,0.001412622805942745,0.09732309137943314,0.2112904303187167,-0.13325573622919334,AVOID
300001,2025-03-07,0.9013891416372808,0.0013887772264171985,0.09722208113630208,0.21843753359268842,-0.13406612489131356,AVOID
300001,2025-04-07,0.9031133198119609,0.0010078361170188582,0.09587884407102026,0.2093730615649756,-0.13444477926917556,AVOID
000001,2025-01-01,0.926937328173088,0.0022264442409589864,0.07083622758595279,0.0,-0.13580210632445067,AVOID
002001,2025-05-20,0.8823426730744224,0.028837725602833018,0.0888196013227446,0.2258969833885374,-0.136884512027817,AVOID
000001,2025-02-07,0.907051132373449,0.0007987277592461343,0.09215013986730493,0.20654040607183521,-0.1375591691747599,AVOID
600001,2025-03-21,0.9074407253939447,0.00150452643414683,0.09105474817190821,0.2139101243432726,-0.13914083379278047,AVOID
300001,2025-04-25,0.905332627942535,0.00177976229109457,0.09288760976637048,0.23917248008124284,-0.13996244676017194,AVOID
300001,2025-01-31,0.9133794309679008,0.0005572943916655692,0.08606327464043366,0.17997830822949157,-0.14042942476822576,AVOID
300001,2025-01-01,0.9331501442054511,0.001279020737334666,0.06557083505721413,0.0,-0.14073044430104034,AVOID
000001,2025-03-14,0.9135317466488037,0.0007081404132978761,0.08576011293789829,0.18301717250382668,-0.14097598752361462,AVOID
002001,2025-02-26,0.9101984623756638,0.0008450633768245601,0.08895647424751142,0.21609293898019608,-0.14137945439989438,AVOID
002001,2025-02-13,0.90855855141532,0.0014621965651100688,0.08997925201956977,0.22778999383699983,-0.14150523325306516,AVOID
300001,2025-05-27,0.9137807399137373,0.00020495580241704467,0.08601430428384572,0.19143388385631985,-0.14168952336968746,AVOID
600001,2025-01-28,0.9147378638922375,0.0023154220362289354,0.08294671407153344,0.19016501048282752,-0.1439013739766569,AVOID
300001,2025-02-10,0.9058293973074084,0.0024653771334764113,0.09170522555911521,0.2762788363694103,-0.14460010520704208,AVOID
002001,2025-03-25,0.9172264726962558,0.0007778953419019831,0.08199563196184236,0.19524098035978432,-0.14557245020193998,AVOID
002001,2025-04-01,0.9163661450668509,0.0021885799735804935,0.08144527495956863,0.20013685289884509,-0.14627522183155664,AVOID
300001,2025-05-22,0.915795211270682,0.0018099952341051229,0.0823947934952128,0.21198437237753065,-0.14668112404524053,AVOID
600001,2025-03-26,0.9133766143975919,0.0023999725157240895,0.08422341308668407,0.22989245441898676,-0.1467081791607382,AVOID
300001,2025-01-06,0.9404367712510671,0.0009599762675640874,0.05860325248136898,0.0,-0.14706507751325515,AVOID
002001,2025-01-27,0.9171087303849694,0.0011018173999871102,0.08178945221504341,0.20907253913563853,-0.14707638344002738,AVOID
000001,2025-03-11,0.9192651979846529,0.0025335146542501295,0.078201287361097,0.18692871506303121,-0.1478050099504658,AVOID
300001,2025-01-24,0.9210513200196777,0.002128540419730786,0.07682013956059149,0.18324102964100236,-0.14876026927562175,AVOID
300001,2025-03-03,0.9210440959559,0.0009801651711076312,0.07797573887299236,0.1964743934076107,-0.14927324132084643,AVOID
000001,2025-03-19,0.925811457258478,0.0007500227417486997,0.07343851999977334,0.17086313648822823,-0.15084164110067708,AVOID
600001,2025-02-04,0.9218850527614655,0.003672383032228178,0.07444256420630622,0.1890053779943154,-0.15116775340731028,AVOID
000001,2025-03-07,0.9167499032195917,0.009241899479850017,0.07400819730055833,0.2030044893890542,-0.15184469147243296,AVOID
600001,2025-05-12,0.9193230300309323,0.011082419443469127,0.06959455052559853,0.16986764522547126,-0.15213518516081465,AVOID
000001,2025-01-17,0.9467692465050512,0.0006466190419042162,0.05258413445304471,0.0,-0.15254495518387898,AVOID
300001,2025-02-25,0.9214737092818386,0.003128884194172202,0.07539740652398919,0.2126758678673926,-0.15278414407631458,AVOID
002001,2025-04-09,0.9277599725500232,0.0012203439199635923,0.07101968353001314,0.17567449000161636,-0.1534056650391571,AVOID
000001,2025-04-02,0.9109084203700845,0.006182246349024464,0.0829093332808911,0.2944145947791272,-0.15358661025530587,AVOID
002001,2025-01-07,0.9482934205331366,0.000483305553811729,0.05122327391305176,0.0,-0.1538023923674911,AVOID
002001,2025-02-20,0.9237717840923195,0.0005231638980128915,0.07570505200966768,0.2239462352575019,-0.15415544393744673,AVOID
000001,2025-01-02,0.9477766923027588,0.0020673955205351897,0.05015591217670587,0.0,-0.15444619993685768,AVOID
000001,2025-06-12,0.9227576350735548,0.0014090379635980012,0.07583332696284704,0.23164366043973106,-0.15463256418469118,AVOID
300001,2025-01-29,0.9285562028678601,0.0010789672962232676,0.07036482983591662,0.1837066703747175,-0.15482652672590214,AVOID
300001,2025-01-03,0.9479769404204593,0.002584095279646974,0.049438964299893765,0.0,-0.15498811307416624,AVOID
600001,2025-06-05,0.9260602590192528,0.0005797174959078731,0.0733600234848393,0.21592396705839006,-0.15545243207030207,AVOID
300001,2025-04-10,0.9240293543322715,0.0005683833704179065,0.0754022622973107,0.23515661415300115,-0.15553994867363694,AVOID
300001,2025-03-06,0.9236496101778968,0.004642008504088463,0.07170838131801473,0.21269290276043673,-0.15580334538901275,AVOID
000001,2025-01-08,0.9473949898668039,0.005262082814039811,0.047342927319156236,0.0,-0.15633894884995142,AVOID
000001,2025-01-07,0.9511016340173565,0.0006429291993667083,0.04825543678327692,0.0,-0.15644152105517747,AVOID
002001,2025-06-12,0.8915307990961624,0.04208907265866805,0.06638012824516963,0.2532265434839086,-0.15716272439600462,AVOID
600001,2025-01-14,0.9510477049888946,0.0017775793904704741,0.04717471562063494,0.0,-0.15718724006333445,AVOID
600001,2025-04-01,0.9077143304672433,0.018621183856373156,0.07366448567638365,0.2722879605301084,-0.15720652217299094,AVOID
002001,2025-03-13,0.9292625711771898,0.0006403776488078869,0.07009705117400232,0.20519744240519133,-0.15730432265415548,AVOID
000001,2025-03-05,0.931469216468493,0.0010888213797382294,0.06744196215176865,0.19698646774367942,-0.1587831165618285,AVOID
000001,2025-01-10,0.9539065247697643,0.001086814090860802,0.045006661139374855,0.0,-0.15927664215639048,AVOID
002001,2025-04-08,0.9347839965395474,0.000740972907592379,0.06447503055286027,0.17594973199419858,-0.15941925112032715,AVOID
000001,2025-06-11,0.9297784323534729,0.0008168013612580173,0.06940476628526901,0.22360583932261327,-0.1597329340032676,AVOID
300001,2025-02-18,0.9267505006952953,0.007537519002560248,0.06571198030214438,0.22181097824013213,-0.1615328117515712,AVOID
600001,2025-01-17,0.9519403325714723,0.007968801239526565,0.0400908661890011,0.0,-0.1623244601819937,AVOID
002001,2025-03-21,0.9378457634885029,0.0010243097403965064,0.06112992677110053,0.18782154589414773,-0.16356035854734496,AVOID
002001,2025-06-17,0.9354605795993925,0.0008152017877212057,0.06372421861288621,0.2118352328650045,-0.1636686861773586,AVOID
300001,2025-03-27,0.937195292982545,0.0012735877990036188,0.06153111921845143,0.2027201459657757,-0.16463928974017056,AVOID
600001,2025-03-12,0.9364863681732789,0.001166216398846291,0.062347415427874836,0.2107551949982731,-0.16472960233497072,AVOID
600001,2025-01-10,0.9601162665918728,0.001036477906494982,0.038847255501632136,0.0,-0.16483017446723205,AVOID
000001,2025-02-27,0.9360334487412314,0.00205040666422139,0.061916144594547244,0.21630963592388375,-0.16549635212445157,AVOID
002001,2025-01-15,0.9595532278150339,0.003539686948076319,0.03690708523688961,0.0,-0.16607568589718408,AVOID
300001,2025-01-28,0.94278974088488,0.0005464585040420129,0.056663800611078084,0.1721613744404662,-0.166109425193268,AVOID
300001,2025-05-13,0.9389085541995171,0.001891298280458505,0.059200147520024345,0.1990492288959559,-0.166246530465482,AVOID
002001,2025-06-03,0.9319935104400944,0.0025393644269412585,0.06546712513296445,0.265637907122088,-0.1671355052071526,AVOID
600001,2025-01-07,0.9621760187889439,0.0023259844295422344,0.0354979967815138,0.0,-0.1675866060107291,AVOID
002001,2025-06-13,0.9379635882667042,0.0006320660844485518,0.061404345648847274,0.2323292758282178,-0.16784260328196954,AVOID
300001,2025-01-07,0.9637453802310681,0.0008701964047706472,0.03538442336416125,0.0,-0.16797997969130077,AVOID
600001,2025-02-13,0.9395889445170295,0.0007719816713611914,0.05963907381160934,0.22057583325405994,-0.16822802056068537,AVOID
300001,2025-02-27,0.9425871256411629,0.001084442479541649,0.05632843187929561,0.19194820740774798,-0.16828234355350047,AVOID
600001,2025-01-23,0.9443876761054806,0.002436433134730463,0.05317589075978891,0.16651318754917013,-0.16830573044416092,AVOID
600001,2025-02-06,0.9435012902164692,0.00035937048592290155,0.056139339297607796,0.18958090423294924,-0.16836081095826333,AVOID
600001,2025-03-07,0.9417587326115114,0.00017789392968463642,0.05806337345880377,0.2065778494329773,-0.1683651700444374,AVOID
000001,2025-04-30,0.9353916155221244,0.0013798625160453307,0.06322852196183044,0.2559934710298422,-0.1684177048341278,AVOID
600001,2025-04-09,0.9293790216112623,0.008806389785478588,0.06181458860325924,0.26181241507390063,-0.1687868338073611,AVOID
600001,2025-04-25,0.9475404300260821,0.0004637468829821307,0.051995823090935755,0.17457290260217043,-0.17056830010177843,AVOID
002001,2025-05-15,0.9361764081480776,0.007477914106639603,0.05634567774528292,0.23075782026972105,-0.1708690892348896,AVOID
002001,2025-02-17,0.9370880589362253,0.006552709002597002,0.056359232061177766,0.23280702854513557,-0.17124685219893418,AVOID
300001,2025-02-14,0.9370025928354012,0.006707915088161694,0.056289492076437124,0.24388934723120828,-0.1723868088366951,AVOID
300001,2025-03-12,0.9411910532505284,0.004712688387853872,0.05409625836161762,0.22129967986802282,-0.17250079778377567,AVOID
002001,2025-03-17,0.9460590087805263,0.0004198847405872543,0.053521106478886325,0.20784144462373383,-0.17253117168325824,AVOID
000001,2025-02-14,0.940821020618682,0.002548447114155385,0.056630532267162664,0.24083854971382432,-0.17260668650810498,AVOID
300001,2025-02-24,0.9439714961363997,0.0032747183126271826,0.052753785550973244,0.2138968759991314,-0.17325633694151185,AVOID
002001,2025-02-11,0.9444960954865035,0.000681646582241506,0.05482225793125487,0.23107207998132137,-0.17363084654355443,AVOID
000001,2025-05-14,0.9023401870439378,0.04964428562792925,0.048015527328132995,0.2751746244031179,-0.1743746307194063,AVOID
002001,2025-04-21,0.950876103159331,0.0008436605232085284,0.0482802363174604,0.18061585311816455,-0.17444064052146038,AVOID
002001,2025-01-08,0.9714153099895839,0.0008127119576515523,0.027771978052764528,0.0,-0.1748426773609816,AVOID
002001,2025-02-24,0.9460193135215683,0.00025792714712233707,0.053722759331309294,0.23440076196300252,-0.17503800736869743,AVOID
300001,2025-03-19,0.9492550159232976,0.0008231189261946741,0.049921865150507595,0.20147465191631492,-0.17505316277093572,AVOID
600001,2025-06-18,0.9478533566998597,0.0014040535376396632,0.05074258976250073,0.2145198807062293,-0.1755028465768444,AVOID
300001,2025-02-17,0.939310294114229,0.00925782592797945,0.05143187995779154,0.2364499175603062,-0.17550473460842234,AVOID
600001,2025-04-10,0.937841708805609,0.005660534471184931,0.05649775672320605,0.2757979150526904,-0.17559970356014662,AVOID
600001,2025-03-25,0.9464643476317366,0.0008667800256370462,0.05266887234262619,0.2344203997533512,-0.1758666988618441,AVOID
000001,2025-01-06,0.9722942912491925,0.0025339762517565486,0.025171732499051015,0.0,-0.17683864550050282,AVOID
002001,2025-05-01,0.9529616833374702,0.0003468197924984466,0.04669149687003148,0.19276723743900295,-0.17718501260237232,AVOID
002001,2025-04-10,0.9480683184964468,0.006243074155894537,0.04568860734765866,0.19596877349011818,-0.17722851590494015,AVOID
600001,2025-02-10,0.9532931329787463,0.0001975140489437991,0.04650935297230992,0.19557214696804426,-0.17765929421193677,AVOID
000001,2025-03-28,0.9397650212197184,0.006955066207842768,0.053279912572438776,0.27135993566672334,-0.17779305900990888,AVOID
000001,2025-04-09,0.9445944477118557,0.00034010964891702185,0.05506544263922709,0.27493942282306966,-0.17786702197721918,AVOID
300001,2025-02-03,0.9511087971852851,0.0007355630101802636,0.04815563980453465,0.21361331766469627,-0.1778741433403524,AVOID
000001,2025-01-03,0.9745676774874827,0.001154060780038911,0.024278261732478292,0.0,-0.17791875228476176,AVOID
600001,2025-02-20,0.952007761721388,0.0006026714759055263,0.04738956680270655,0.20759942017639668,-0.1779887976000227,AVOID
000001,2025-03-20,0.958547803978778,0.00027369613433862294,0.0411784998868835,0.16189107375103443,-0.17907371825004065,AVOID
300001,2025-01-09,0.976486082463836,0.0006542253390036815,0.022859692197160362,0.0,-0.17929543195475495,AVOID
300001,2025-03-17,0.9514331747079693,0.001252491925214531,0.047314333366816196,0.22133935556553658,-0.1793005371413762,AVOID
002001,2025-02-25,0.9511014656268062,0.0008579120281351943,0.04804062234505862,0.2295858499541689,-0.17955044247923713,AVOID
300001,2025-03-25,0.9532288680326062,0.0010232723684441664,0.04574785959894956,0.21115948536275492,-0.17973822042353205,AVOID
000001,2025-04-11,0.948981335939017,0.00034053170016112974,0.05067813236082171,0.25676963971777733,-0.17999853850700595,AVOID
002001,2025-06-05,0.9488313258142589,0.0013424666620498933,0.04982620752369125,0.25197488136473234,-0.18008540803274115,AVOID
000001,2025-02-24,0.9553769491478341,0.00025690120730204096,0.04436614964486393,0.20183342465015808,-0.1802024275431779,AVOID
000001,2025-03-21,0.9572989757817952,0.0006307603594966404,0.042070263858708025,0.1859543854580139,-0.18060604900106483,AVOID
300001,2025-04-02,0.9417664514766966,0.018071980456297897,0.04016156806700571,0.20605412230889258,-0.18084560487932458,AVOID
002001,2025-04-14,0.956970718312461,0.0003481825488945025,0.04268109913864443,0.1959202881972616,-0.18110940308516726,AVOID
600001,2025-01-21,0.9557236450777472,0.005752214806530027,0.038524140115722666,0.1695934205071214,-0.18113717298525575,AVOID
300001,2025-03-31,0.9557605615413997,0.00021745970266703993,0.04402197875593322,0.2159600674004625,-0.18193273391917295,AVOID
002001,2025-04-11,0.957890639343377,0.00020994680842043197,0.04189941384820249,0.19844692995948407,-0.18209323117088208,AVOID
600001,2025-04-24,0.9612764192646541,0.00045230298830800376,0.03827127774703784,0.16751660513304684,-0.18221704994330903,AVOID
000001,2025-02-10,0.9543601603144681,0.0021972405512750114,0.04344259913425677,0.22261868984389463,-0.18272408165330334,AVOID
000001,2025-02-11,0.9545941380127858,0.001594814437737312,0.04381104754947669,0.22581842725260357,-0.18283293704318387,AVOID
600001,2025-04-02,0.9434273922689894,0.00574129219783522,0.05083131553317534,0.2984233741314709,-0.18294589499372227,AVOID
600001,2025-02-28,0.9555007644736326,0.0007357024434889052,0.04376353308287832,0.2262883765563502,-0.18309451739234675,AVOID
002001,2025-06-10,0.9495728821897165,0.0057339386842237584,0.044693179126059704,0.24554723823082675,-0.18318407487278418,AVOID
000001,2025-03-04,0.9592135616322301,0.0003934619592337889,0.04039297640853609,0.2037443113135781,-0.18394205997182858,AVOID
002001,2025-03-14,0.9591752721497787,0.0004901555347316965,0.04033457231548964,0.20822150531848405,-0.1844230043409614,AVOID
300001,2025-01-22,0.9475843347265082,0.019447760503086862,0.03296790477040504,0.1799101365321772,-0.18443034725923585,AVOID
600001,2025-02-14,0.9592863753852959,0.0004015236250208219,0.04031210098968321,0.2110965157228163,-0.18474845595656259,AVOID
300001,2025-04-01,0.9600206615544794,0.000654927779605849,0.039324410665914786,0.203183793430097,-0.18479542418776523,AVOID
600001,2025-02-24,0.9556755141219295,0.005792377419798283,0.038532108458272235,0.2066460152323515,-0.1848272284268305,AVOID
000001,2025-02-13,0.9569873834666521,0.0006103222886846598,0.04240229424466313,0.2386661808522617,-0.18558248880729242,AVOID
000001,2025-03-03,0.9605672639240767,0.0003246300904015308,0.03910810598552165,0.21482829848679566,-0.18622060844362975,AVOID
600001,2025-03-03,0.9594402644509556,0.0003334755143056216,0.04022626003473876,0.225480129798878,-0.18627768384576182,AVOID
002001,2025-01-06,0.984202376463496,0.0010315926359972594,0.014766030900506719,0.0,-0.18650425366234452,AVOID
000001,2025-02-25,0.9617343423405986,0.00030991943974243824,0.03795573821965897,0.20759492450852704,-0.18653734416521117,AVOID
000001,2025-04-14,0.9574174587420047,0.0007465135484996423,0.041836027709495814,0.24440450504485067,-0.18663872285623895,AVOID
600001,2025-03-04,0.9605460259217871,0.0003779386751170734,0.03907603540309599,0.2188499095354644,-0.18664097135573665,AVOID
000001,2025-05-05,0.952536404806953,0.003144945002456653,0.04431865019059025,0.2755342735609677,-0.18703765318407423,AVOID
002001,2025-01-02,0.9858487823862467,0.0002658368752156384,0.0138853807385377,0.0,-0.18744998996027296,AVOID
000001,2025-01-30,0.9645450198430905,0.00043650155039954674,0.03501847860650987,0.19566782877267352,-0.18796285182132855,AVOID
002001,2025-01-24,0.9600179937476842,0.002418804614365272,0.037563201637950544,0.2225900781327773,-0.18796836541624917,AVOID
000001,2025-03-26,0.9497519586084742,0.013084018546176161,0.037164022845349774,0.2405904080952147,-0.18799461653947147,AVOID
002001,2025-04-29,0.963278534251319,0.0008801578043729506,0.03584130794430813,0.206870882200112,-0.18825387950925931,AVOID
002001,2025-01-03,0.9867380098541076,0.0004408421300398183,0.012821148015852496,0.0,-0.1883727983597248,AVOID
300001,2025-02-12,0.9545978901738614,0.00468361148465365,0.0407184983414848,0.2602685973736774,-0.18844348893310067,AVOID
002001,2025-03-10,0.9635757565472642,0.0030277996326301573,0.0333964438201056,0.19428622381825522,-0.18876626301720445,AVOID
600001,2025-01-22,0.967587030949367,0.0021375367287502687,0.030275432321882713,0.16584515819757412,-0.18890911938431296,AVOID
300001,2025-01-13,0.9871577834093093,0.0007129400690213625,0.012129276521669237,0.0,-0.1889410631166934,AVOID
000001,2025-02-03,0.9634201554727011,0.0015960193294734938,0.03498382519782534,0.20795499461373104,-0.18899085291743561,AVOID
600001,2025-01-03,0.9880627560664548,0.0005940143018801276,0.011343229631665026,0.0,-0.18967229047112544,AVOID
600001,2025-02-19,0.9655613184587254,0.001343686309638919,0.033094995231635616,0.20546912212838772,-0.19049267924243893,AVOID
002001,2025-01-09,0.989323569840351,0.002086578160546068,0.00858985199910293,0.0,-0.19185181756869815,AVOID
300001,2025-02-28,0.9667332894157397,0.004195284315262692,0.02907142626899765,0.191110660136577,-0.1921077255085073,AVOID
002001,2025-03-11,0.9708132059648665,0.0006505679901740719,0.02853622604495936,0.18227938299660396,-0.19241522126116217,AVOID
300001,2025-01-10,0.9910133325535285,0.0008293785865875473,0.008157288859884117,0.0,-0.19249256430878683,AVOID
002001,2025-01-23,0.9669600541143762,0.0004586153780240809,0.03258133050759973,0.21913479159017907,-0.1924985586265734,AVOID
600001,2025-01-29,0.9703052269313672,0.0010036555479567275,0.028691117520676185,0.18634587502529087,-0.1926118506243292,AVOID
600001,2025-04-11,0.9554494583749158,0.008877965580003703,0.035672576045080596,0.26678023979550053,-0.19279711242297679,AVOID
002001,2025-05-13,0.9703018377211408,0.0007367712275306414,0.02896139105132851,0.19281073109448155,-0.19306846691774637,AVOID
000001,2025-02-28,0.9681335099401787,0.0019469701719265463,0.02991951988789477,0.2116352127115313,-0.19384655933766254,AVOID
300001,2025-02-06,0.9682743620398391,0.0006915318831027408,0.031034106077058175,0.22871828250947113,-0.19480282640497423,AVOID
300001,2025-05-02,0.9522368145786383,0.02016811507634655,0.02759507034501524,0.2371966179636303,-0.19485047547058004,AVOID
300001,2025-03-24,0.9723899351101423,0.0008088411185347573,0.026801223771323022,0.19294659641065467,-0.19501179002316782,AVOID
002001,2025-02-19,0.9654610202445018,0.004658303629379332,0.02988067612611892,0.23243611236812572,-0.1954193419974297,AVOID
300001,2025-02-04,0.9715400514886015,0.0009413772565481522,0.027518571254850372,0.20785033082396698,-0.19583004350172176,AVOID
600001,2025-01-27,0.9730956785898732,0.0033945629082369547,0.02350975850188976,0.1799834958936652,-0.19616065435601834,AVOID
300001,2025-03-21,0.9729054353634187,0.00018109866206194092,0.026913465974519265,0.2054076441879094,-0.19628242530931117,AVOID
600001,2025-04-04,0.9630936719974827,0.0023972650795329007,0.03450906292298439,0.2877460513809882,-0.1972369954915063,AVOID
000001,2025-04-01,0.9579496745943961,0.009112210836981377,0.032938114568622695,0.2916773978007343,-0.19770099450091677,AVOID
300001,2025-03-20,0.9716602646875081,0.0034373255549245084,0.0249024097575675,0.20804147420661837,-0.19770451352786622,AVOID
002001,2025-05-29,0.9651810317269709,0.0015936616311984914,0.033225306641830606,0.28656980140505983,-0.19843547183661878,AVOID
600001,2025-02-03,0.9772001057604099,0.00041392613277124474,0.022385968106818793,0.18952438823045592,-0.19872228230035444,AVOID
600001,2025-02-26,0.9761913243692516,0.0002677017562873303,0.023540973874461198,0.20089980347928715,-0.1988495635096562,AVOID
600001,2025-03-27,0.9715955025449359,0.0013093211750472478,0.027095176280016946,0.24134125595862277,-0.1994866027088376,AVOID
000001,2025-03-24,0.9772040702655522,0.0006437125805173308,0.0221522171539304,0.1975167799893018,-0.19968594004428936,AVOID
600001,2025-06-19,0.9745691260157772,0.0005004662958307206,0.02493040768839218,0.22332312983258168,-0.1997948528045391,AVOID
000001,2025-02-06,0.9747290951918957,0.002526865867438364,0.02274403894066605,0.2083329721087998,-0.19985828899079291,AVOID
002001,2025-04-30,0.9774124074320593,0.0005863272639913954,0.022001265303949403,0.19797160217976262,-0.19987875599162355,AVOID
002001,2025-02-21,0.9730401103507965,0.0009257677537949135,0.026034121895408584,0.235122124863393,-0.1998963492297126,AVOID
000001,2025-04-15,0.9728279215524188,0.0005009275604053994,0.026671150887175813,0.24115792915025663,-0.20001157160448635,AVOID
600001,2025-02-12,0.9773003358544551,0.0009235126615374444,0.02177615148400753,0.19871949682293327,-0.2000887108143791,AVOID
000001,2025-02-17,0.9755646937586814,0.0002502353111447644,0.02418507093017394,0.2199534788427099,-0.20017873698488553,AVOID
600001,2025-04-03,0.9662320002705117,0.0016767608816538183,0.032091238847834484,0.2967910367202608,-0.2004616365326443,AVOID
600001,2025-02-27,0.9763696643019796,0.00030057015218156835,0.023329765545838817,0.21810229907071463,-0.20075332688538022,AVOID
000001,2025-03-31,0.9628908795092631,0.009306491044491844,0.027802629446244963,0.27823914425595314,-0.20094024971507649,AVOID
000001,2025-02-04,0.9781700052229605,0.0004690685860019107,0.021360926191037497,0.20327575080868523,-0.20100892779173438,AVOID
300001,2025-03-18,0.9777344657929362,0.00041146198891453117,0.02185407221814937,0.20833737021426516,-0.20108277962730922,AVOID
600001,2025-02-11,0.9794327108249005,0.0001826142347479579,0.020384674940351805,0.19669848638778137,-0.20128711834551197,AVOID
300001,2025-04-11,0.9744676662154624,0.0003229829200303867,0.025209350864507152,0.24267651576048055,-0.20151463921398555,AVOID
600001,2025-04-07,0.9713529742091317,0.00034117670889407625,0.028305849081974123,0.27406022651586004,-0.20186252313603048,AVOID
002001,2025-02-27,0.9781822485464602,0.0016362018924487261,0.02018154956109099,0.20363477926583082,-0.20187284294311145,AVOID
300001,2025-02-26,0.9795553759803356,0.0007050159488761901,0.01973960807078823,0.20632224800513635,-0.202725574347029,AVOID
300001,2025-02-05,0.9791660675357287,0.0005053461837623565,0.02032858628050913,0.21235194131106275,-0.20283839724189565,AVOID
000001,2025-04-08,0.9718258275297161,0.0002221166610131057,0.02795205580927073,0.28071727434369803,-0.20287045387382355,AVOID
002001,2025-02-28,0.9781828977585427,0.0021536799821163214,0.01966342225934091,0.2103639942716272,-0.20290858339733264,AVOID
300001,2025-03-10,0.9786450735642906,0.0011844332929573835,0.02017049314275188,0.21602908306636515,-0.20321257781956836,AVOID
000001,2025-03-27,0.9719976780312991,0.0022555874015620938,0.025746734567138805,0.2723994958907801,-0.2036167709983407,AVOID
600001,2025-02-25,0.9812298372991702,0.0004986403039887436,0.01827152239684104,0.20283501966675072,-0.2037394037487204,AVOID
300001,2025-03-26,0.9822113059091131,0.00017660820929535972,0.017612085881591657,0.19631226801620993,-0.20374502786632945,AVOID
600001,2025-02-18,0.9836491004890157,0.00036283858444932193,0.01598806092653509,0.1952300216590547,-0.20506117961513406,AVOID
000001,2025-04-07,0.970663971247293,0.004314107964021355,0.025021920788685724,0.29113319324073295,-0.2057307690214519,AVOID
600001,2025-03-28,0.9779545981588205,0.0006479651830651325,0.021397436658114406,0.2519603908111698,-0.205808753052201,AVOID
000001,2025-02-26,0.9834464901523673,0.001475675526660935,0.015077834320971754,0.19847769568200962,-0.2059825835739942,AVOID
600001,2025-01-24,0.989570227444226,0.00013481093399953623,0.010294961621774554,0.16503719277988368,-0.20721129163159135,AVOID
300001,2025-03-13,0.9838587084038098,0.0002070765988213581,0.015934214997368922,0.21733517649242878,-0.20735130883184663,AVOID
000001,2025-04-29,0.9802428520097355,0.001203759717813019,0.01855338827245157,0.2611384146793311,-0.20917504007916413,AVOID
002001,2025-03-03,0.984730730605316,0.0022563268368643494,0.01301294255781962,0.22285409016840713,-0.21012249534743016,AVOID
000001,2025-05-06,0.9745957045277868,0.0034316388309497134,0.021972656641263598,0.3069912617645445,-0.2102374074331273,AVOID
600001,2025-02-17,0.9887045209568094,0.00037358249959089905,0.010921896543599544,0.20866950272783835,-0.21096252688362607,AVOID
300001,2025-05-01,0.9593301109638764,0.0314732831122848,0.009196605923838828,0.255560912564642,-0.2109844893025523,AVOID
300001,2025-04-28,0.9850070041164966,0.00042183677145134045,0.014571159112052048,0.2436099073305148,-0.21116258017791437,AVOID
000001,2025-03-25,0.9871090400474838,0.0006427609250565401,0.012248199027459694,0.231425327876983,-0.21199060147797327,AVOID
600001,2025-03-31,0.9835811819005156,0.0009932447451822715,0.015425573354302299,0.2613466853115646,-0.21205300356324797,AVOID
300001,2025-02-07,0.9840328010806452,0.0021964504367866025,0.013770748482568063,0.25647375265266253,-0.21281441154359765,AVOID
002001,2025-02-18,0.9892979947026571,0.001088395455732773,0.009613609841610162,0.22292692295614094,-0.2134227643470184,AVOID
000001,2025-02-12,0.9878901113098058,0.0013763662065723182,0.010733522483622063,0.23727020854769898,-0.21379157737819562,AVOID
300001,2025-04-30,0.9886133967672571,0.0014242744371701947,0.009962328795572723,0.2535741483863702,-0.21610646403518755,AVOID
000001,2025-04-28,0.9899726369780442,0.0009015312465172052,0.009125831775438666,0.2517322893444447,-0.21677967408724624,AVOID
600001,2025-04-08,0.9883878169984579,0.000977350619818974,0.010634832381723107,0.27647522708524175,-0.21788070344100957,AVOID
300001,2025-02-11,0.9921012618317104,0.0012747019746401703,0.006624036193649252,0.26629483747335175,-0.22041291077812278,AVOID
300001,2025-04-29,0.9961972327287317,0.00020848142371960646,0.00359428584754867,0.2468759396069397,-0.22141104041315626,AVOID
