code,date,down_probability,neutral_probability,up_probability,risk_score,final_score,suggest_action,intraday_score,final_score_v2,suggest_action_v2
000001,2025-01-16,0.0500370637380499,0.0003405167786129716,0.9496224194833373,0.0,0.6547282808907261,BUY,0.5,0.6160462106680445,BUY
600001,2025-04-28,0.03325730079449557,0.0009980225715680812,0.9657446766339364,0.17101308922494188,0.6522685045623621,BUY,0.5,0.6142013784217716,BUY
000001,2025-01-23,0.05010043983070829,0.00018312564893904282,0.9497164345203526,0.1688712088164929,0.6378942953164558,BUY,0.5,0.6034207214873418,BUY
300001,2025-01-20,0.05453198744537268,0.0223516043610215,0.9231164081936057,0.0,0.6352750882464495,BUY,0.5,0.6014563161848372,BUY
000001,2025-01-13,0.07269323373503955,0.0005333549268487542,0.9267734113381118,0.0,0.6342027411896703,BUY,0.5,0.6006520558922528,BUY
000001,2025-01-22,0.05333861976298389,0.0002369596740978709,0.9464244205629182,0.1765683347829666,0.6341725369631493,BUY,0.5,0.600629402722362,BUY
000001,2025-01-15,0.07678312212421191,0.010100387081424753,0.9131164907943632,0.0,0.6238249191312117,BUY,0.5,0.5928686893484088,BUY
300001,2025-01-17,0.06884278960422524,0.027040606201216434,0.9041166041945584,0.0,0.6191130650153458,BUY,0.5,0.5893347987615094,BUY
600001,2025-04-23,0.07169486880047883,0.0013285203291482472,0.926976610870373,0.17225559787635336,0.61731909406153,BUY,0.5,0.5879893205461475,BUY
000001,2025-01-14,0.09153032618185554,0.0008493378560016935,0.9076203359621428,0.0,0.6170281699371287,BUY,0.5,0.5877711274528465,BUY
300001,2025-01-21,0.06775800105065569,0.006573452035027562,0.9256685469143167,0.1766328629840691,0.6167530963314836,BUY,0.5,0.5875648222486127,BUY
000001,2025-04-16,0.06670753063859676,0.00032185610665968307,0.9329706132547435,0.2302158724367393,0.6167163359069271,BUY,0.5,0.5875372519301953,BUY
000001,2025-01-27,0.0803026597217276,0.0002211181745682573,0.9194762221037042,0.16481424668616157,0.6110913988596313,BUY,0.5,0.5833185491447235,BUY
600001,2025-04-25,0.0871115195065086,0.0004936214698419982,0.9123948590236494,0.17457290260217043,0.6037968071550358,BUY,0.5,0.5778476053662769,BUY
600001,2025-05-01,0.09077255581592346,0.0006176972119597342,0.9086097469721167,0.16437605022046953,0.60143470669525,BUY,0.5,0.5760760300214375,BUY
600001,2025-04-29,0.09149973025178472,0.0004441678817016863,0.9080561018665136,0.17137126612468523,0.600202198643734,BUY,0.5,0.5751516489828006,BUY
600001,2025-04-30,0.09317807768173819,0.00043830805956182026,0.9063836142587,0.1666993620188103,0.5991629782428612,BUY,0.5,0.574372233682146,BUY
600001,2025-04-15,0.08324459291466414,0.0029145608307360425,0.9138408462545998,0.2515196726082713,0.5978877065344599,BUY,0.5,0.5734157799008449,BUY
000001,2025-02-20,0.09022541607140466,0.0023525949634518903,0.9074219889651435,0.22674208662107986,0.5944761003992115,BUY,0.5,0.5708570752994087,BUY
000001,2025-02-19,0.0925290962631117,0.0004429889959676993,0.9070279147409206,0.22346183011162393,0.5940675380548597,BUY,0.5,0.5705506535411448,BUY
600001,2025-03-17,0.09362203391885975,0.0004904458560249838,0.9058875202251153,0.22471433346192993,0.5929254240276157,BUY,0.5,0.5696940680207118,BUY
600001,2025-03-06,0.09633175811875834,0.002446699132758583,0.9012215427484832,0.21623199054299921,0.5899655292458866,BUY,0.5,0.567474146934415,BUY
600001,2025-04-16,0.09478410194255366,0.0008653236751501425,0.9043505743822963,0.2440520426281884,0.5896833774162777,BUY,0.5,0.5672625330622083,BUY
600001,2025-01-16,0.0971896608325447,0.03362139074981536,0.8691889484176398,0.0,0.5889943317258389,BUY,0.5,0.5667457487943792,BUY
600001,2025-03-24,0.09709616394295206,0.0007109385976816793,0.9021928974593663,0.24101996301685047,0.5880137991312809,BUY,0.5,0.5660103493484607,BUY
600001,2025-03-10,0.102223112690927,0.0011294031622712827,0.8966474841468017,0.2142830037724172,0.585780315987334,BUY,0.5,0.5643352369905006,BUY
600001,2025-01-31,0.10636522038223373,0.0013623656339255997,0.8922724139838407,0.18972980442663084,0.5843446652695787,BUY,0.5,0.563258498952184,BUY
000001,2025-01-21,0.1056051602775872,0.00031176816260645686,0.8940830715598064,0.20548884751832305,0.5841882332845147,BUY,0.5,0.5631411749633861,BUY
300001,2025-04-15,0.09926604639050671,0.0003783458942337502,0.9003556077152596,0.27127358940974033,0.5832683571816063,BUY,0.5,0.5624512678862047,BUY
000001,2025-01-24,0.11608170499018383,0.00033240906435229935,0.883585885945464,0.17061321398804632,0.5782324577649833,BUY,0.5,0.5586743433237376,BUY
300001,2025-03-28,0.1095693349574701,0.0020063449456310624,0.8884243200968988,0.23072156367011878,0.5769110007093232,BUY,0.5,0.5576832505319924,BUY
600001,2025-03-11,0.11274983555941412,0.0013644027722147362,0.8858857616683712,0.2083890655508208,0.5767311595008948,BUY,0.5,0.5575483696256711,BUY
000001,2025-03-13,0.11593163948669134,0.0004863013121854833,0.8835820592011231,0.1883595605573585,0.576485157487712,BUY,0.5,0.557363868115784,BUY
000001,2025-02-21,0.11294338992052333,0.0038590496422470843,0.8831975604372296,0.19528044503785263,0.5761215698181708,BUY,0.5,0.557091177363628,BUY
600001,2025-05-07,0.11786519246654006,0.0010360515849677507,0.8810987559484921,0.1786062624549503,0.5753354644251414,BUY,0.5,0.556501598318856,BUY
300001,2025-01-27,0.12265938607271637,0.000559847165667241,0.8767807667616163,0.17162733962118298,0.5720519255564698,BUY,0.5,0.5540389441673523,BUY
000001,2025-03-17,0.12489131919477364,0.00046970943629863374,0.8746389713689278,0.18409824723912088,0.5688591913953825,BUY,0.5,0.5516443935465369,BUY
000001,2025-02-18,0.12149202511178364,0.0023613746776306225,0.8761466002105857,0.2238492884709456,0.5666192862779587,BUY,0.5,0.5499644647084689,BUY
600001,2025-04-17,0.11738157112581028,0.007792442437318354,0.8748259864368715,0.22558838720612287,0.5663430375600357,BUY,0.5,0.5497572781700267,BUY
000001,2025-03-10,0.12528225159911674,0.0014710626273447206,0.8732466857735386,0.20322533227212833,0.5658936964944408,BUY,0.5,0.5494202723708306,BUY
300001,2025-06-05,0.12334508596024829,0.0006071395688791158,0.8760477744708727,0.2413671494980038,0.5644277099877608,BUY,0.5,0.5483207824908206,BUY
300001,2025-04-03,0.12782426871408145,0.0023733082992384285,0.8698024229866802,0.21029392823611154,0.5622674495242487,BUY,0.5,0.5467005871431865,BUY
600001,2025-03-18,0.12785961197998066,0.0007625509330566108,0.8713778370869628,0.22209138302074072,0.5621834252628037,BUY,0.5,0.5466375689471028,BUY
600001,2025-04-24,0.1329737901654248,0.0033615568996730105,0.8636646529349021,0.16751660513304684,0.5612188385080418,BUY,0.5,0.5459141288810313,BUY
300001,2025-04-08,0.12755537451301246,0.0006343226338516169,0.8718103028531359,0.2490546173533456,0.5598506753592579,BUY,0.5,0.5448880065194435,BUY
600001,2025-05-08,0.13844090126366454,0.0005993150533173142,0.8609597836830182,0.17672510860948423,0.5573111574644314,BUY,0.5,0.5429833680983236,BUY
000001,2025-04-18,0.13890333859114198,0.0005968358145939589,0.8604998255942641,0.21934019988634712,0.5526351902091217,BUY,0.5,0.5394763926568412,BUY
300001,2025-04-17,0.13726705456003188,0.0007539370101073412,0.8619790084298609,0.2457093876165376,0.5513609562272425,BUY,0.5,0.5385207171704318,BUY
300001,2025-04-16,0.13920297791314276,0.0004958182660103052,0.8603012038208468,0.2635598397668803,0.5480142631152762,BUY,0.5,0.5360106973364571,BUY
000001,2025-04-10,0.13944477257949797,0.0009845395476586801,0.8595706878728432,0.26500473891768384,0.5473100531033223,BUY,0.5,0.5354825398274917,BUY
000001,2025-01-09,0.1597333862588459,0.015053821836985594,0.8252127919041685,0.0,0.5457022770811488,BUY,0.5,0.5342767078108617,BUY
600001,2025-02-07,0.14965451906995433,0.0019206318070306334,0.848424849123015,0.2022988332851802,0.5437366072436015,BUY,0.5,0.5328024554327011,BUY
000001,2025-01-31,0.15166178419409931,0.00045522716027329274,0.8478829886456275,0.20144313506078104,0.5430414217070412,BUY,0.5,0.5322810662802808,BUY
000001,2025-03-06,0.15171943882334996,0.001009171467752021,0.847271389708898,0.20564697418324773,0.5421813876132338,BUY,0.5,0.5316360407099253,BUY
000001,2025-04-17,0.15553821504061877,0.000481372409980828,0.8439804125494004,0.22592639105278908,0.5370860066711776,BUY,0.5,0.5278145050033831,BUY
000001,2025-03-12,0.16257813711647365,0.0006111981285094716,0.8368106647550169,0.1856149876823937,0.5346903391369777,BUY,0.5,0.5260177543527333,BUY
600001,2025-01-09,0.18487251622920806,0.0018612010805391793,0.8132662826902527,0.0,0.5323118946373352,BUY,0.5,0.5242339209780014,BUY
600001,2025-02-05,0.165774785421024,0.001925001378387736,0.8323002132005882,0.19674268619563973,0.529780923536643,BUY,0.5,0.5223356926524823,BUY
600001,2025-05-02,0.17241676707259151,0.0008171632128688089,0.8267660697145397,0.16069626693407868,0.5281832686922515,BUY,0.5,0.5211374515191887,BUY
600001,2025-03-14,0.16881022873331472,0.00047721205508086963,0.8307125592116045,0.21508285400867133,0.526228460300593,BUY,0.5,0.5196713452254448,BUY
000001,2025-07-21,0.18156589287169111,0.0007050382605159814,0.8177290688677928,0.1637718901047021,0.5197199806226465,BUY,0.5,0.5147899854669848,BUY
300001,2025-03-11,0.17725948786866472,0.002834685861076551,0.8199058262702587,0.21881691652013097,0.5166004891634349,BUY,0.5,0.5124503668725762,BUY
300001,2025-04-14,0.17614971666358076,0.000443812038631327,0.8234064712977879,0.27055600995346474,0.5140989855803889,BUY,0.5,0.5105742391852917,BUY
600001,2025-04-14,0.17533138841429885,0.0035918124740505386,0.8210767991116505,0.25877800700503006,0.5138096809947925,BUY,0.5,0.5103572607460944,BUY
600001,2025-03-13,0.1856035981847224,0.000569458231479758,0.8138269435837979,0.2071867545083465,0.5118394654208793,BUY,0.5,0.5088795990656595,BUY
300001,2025-04-04,0.21080849424630727,0.004594739910461676,0.7845967658432311,0.2071592853704965,0.4863401087039506,BUY,0.5,0.489755081527963,WATCH
000001,2025-05-12,0.2093841911031021,0.001406969247815386,0.7892088396490825,0.29009200365267307,0.48156014916847,BUY,0.5,0.4861701118763525,WATCH
000001,2025-01-28,0.22286810888207892,0.0006362729016193851,0.7764956182163016,0.18573762564127297,0.480399548410868,BUY,0.5,0.485299661308151,WATCH
300001,2025-03-05,0.22262065692627175,0.0016772015053525071,0.7757021415683757,0.20483440848194345,0.4779839268644142,BUY,0.5,0.48348794514831067,WATCH
000001,2025-02-05,0.23391095033356313,0.00047638960851279747,0.765612660057924,0.20720187080651664,0.4684264848931825,BUY,0.5,0.4763198636698869,WATCH
300001,2025-03-04,0.2414011286726127,0.014969868159860424,0.7436290031675269,0.20968925826528367,0.45129115065621783,BUY,0.5,0.4634683629921634,WATCH
000001,2025-07-17,0.2612772878976032,0.00047907106919103346,0.7382436410332058,0.1633162312697211,0.44818346801675124,WATCH,0.5,0.4611376010125634,WATCH
000001,2025-05-16,0.2584541654352525,0.004426052362414912,0.7371197822023327,0.2821422948422859,0.43607878497035374,WATCH,0.5,0.4520590887277653,WATCH
000001,2025-05-06,0.25966036009919224,0.0042892389425794,0.7360504009582284,0.3069912617645445,0.43260408247446697,WATCH,0.5,0.4494530618558502,WATCH
300001,2025-07-25,0.2858015613875756,0.0009291167020348618,0.7132693219103895,0.16710716089607386,0.42541749697015013,WATCH,0.5,0.4440631227276126,WATCH
000001,2025-07-18,0.31863609503358375,0.0008574202096802378,0.680506484756736,0.163911118003463,0.3962362085226521,WATCH,0.5,0.4221771563919891,WATCH
600001,2025-06-04,0.33116316904614423,0.0008784978808755586,0.6679583330729801,0.22247921227646797,0.3790902781142104,WATCH,0.5,0.4093177085856578,WATCH
600001,2025-06-11,0.34550898917007733,0.000656744928527208,0.6538342659013955,0.21640283116829045,0.3669419051801323,WATCH,0.5,0.4002064288850992,WATCH
600001,2025-06-12,0.36117027221225656,0.0011319558565150143,0.6376977719312283,0.21320728549273746,0.3528336573601348,WATCH,0.5,0.3896252430201011,WATCH
000001,2025-06-18,0.38023739495737746,0.001411669774285017,0.6183509352683376,0.20483011622791772,0.33631516407356904,WATCH,0.5,0.37723637305517677,WATCH
600001,2025-01-02,0.4034504734208528,0.002436328666328202,0.5941131979128191,0.0,0.3351891438548028,WATCH,0.5,0.3763918578911021,WATCH
300001,2025-07-18,0.4177481192925143,0.0009889776210161984,0.5812629030864694,0.17543592037349837,0.3057908162646759,WATCH,0.5,0.35434311219850695,WATCH
000001,2025-06-09,0.4224694634382531,0.008118435639576475,0.5694121009221704,0.23464346321365934,0.2906302316365027,WATCH,0.5,0.34297267372737705,WATCH
600001,2025-08-04,0.4352244691021586,0.0011160801745371727,0.5636594507233041,0.21066629527204117,0.286450092158677,WATCH,0.5,0.33983756911900775,WATCH
300001,2025-07-02,0.4452114320233111,0.0016022704872867054,0.5531862974894022,0.2327735864642252,0.27491076319149677,WATCH,0.5,0.33118307239362255,WATCH
000001,2025-05-28,0.4447921003843672,0.003692736542544295,0.5515151630730885,0.22475752592847478,0.274626441481441,WATCH,0.5,0.33096983111108075,WATCH
300001,2025-05-14,0.4814105215335588,0.0023935160150082907,0.516195962451433,0.21714802244609827,0.24334026716468146,WATCH,0.5,0.3075052003735111,WATCH
000001,2025-07-22,0.49301244675214717,0.0013212805792763595,0.5056662726685764,0.16251893506985512,0.23911200801058852,WATCH,0.5,0.30433400600794136,WATCH
300001,2025-05-29,0.5147123497080426,0.003126468069162464,0.482161182222795,0.208453653482212,0.2137249922661268,WATCH,0.5,0.2852937441995951,WATCH
600001,2025-06-10,0.5181614554896232,0.0008830518745628695,0.480955492635814,0.2185147016759164,0.21118508357955346,WATCH,0.5,0.2833888126846651,WATCH
000001,2025-07-16,0.5400947248532986,0.000872317916010734,0.45903295723069065,0.16524778167257712,0.19677934692356597,WATCH,0.5,0.2725845101926745,WATCH
300001,2025-07-21,0.5569715670481474,0.0006781322008833153,0.44235030075096937,0.17561284314192488,0.18068961280185658,WATCH,0.5,0.26051720960139246,WATCH
600001,2025-06-06,0.554951992988208,0.0006708124649246408,0.4443771945468673,0.20909950743647815,0.17916368684151768,WATCH,0.5,0.25937276513113827,WATCH
300001,2025-05-15,0.560329046720187,0.001397982788823331,0.4382729704909895,0.22719494756663866,0.17200577524299135,WATCH,0.5,0.25400433143224355,WATCH
600001,2025-06-26,0.5636120879187081,0.005792692462483413,0.4305952196188085,0.20795077476413568,0.1678991586730107,WATCH,0.5,0.250924369004758,WATCH
000001,2025-07-23,0.5758195067669288,0.001002436131986708,0.42317805710108447,0.1711972263131844,0.16394101598605487,WATCH,0.5,0.24795576198954117,WATCH
000001,2025-06-17,0.5733433454338679,0.001362562442726665,0.42529409212340535,0.22066467106225862,0.1609707282933843,WATCH,0.5,0.24572804622003822,WATCH
600001,2025-08-05,0.5804499453560563,0.0007163759349829302,0.41883367870896065,0.21611989244601693,0.1554815967804595,WATCH,0.5,0.24161119758534463,WATCH
000001,2025-06-30,0.5853419913729636,0.0008552104057620296,0.4138027982212744,0.1962999699273714,0.15296356348756224,WATCH,0.5,0.23972267261567168,WATCH
600001,2025-05-30,0.5921219151931317,0.0015216830015974527,0.40635640180527083,0.1971606168593765,0.14630903653912558,WATCH,0.5,0.2347317774043442,WATCH
600001,2025-07-30,0.595467476197562,0.0019402663105125052,0.4025922574919256,0.20229339306388627,0.1424917456984469,WATCH,0.5,0.23186880927383516,WATCH
600001,2025-07-16,0.6269340721405492,0.0008955935033533129,0.37217033435609753,0.19256994865266827,0.11587542475589158,WATCH,0.5,0.2119065685669187,WATCH
300001,2025-07-03,0.625800297983219,0.0006891792765101025,0.3735105227402708,0.22559100464691667,0.11373820585685404,WATCH,0.5,0.21030365439264054,WATCH
600001,2025-07-24,0.6286588230522477,0.0011453770799888245,0.37019579986776335,0.20310452457199457,0.11309484283978535,WATCH,0.5,0.20982113212983902,WATCH
300001,2025-07-17,0.6386088891375066,0.0006386611355412218,0.3607524497269522,0.16907026171885425,0.10789791080947976,WATCH,0.5,0.2059234331071098,WATCH
600001,2025-07-10,0.6471960177386552,0.0005890413668678155,0.3522149408944769,0.17996712119146982,0.09911454295925577,AVOID,0.5,0.19933590721944183,WATCH
600001,2025-08-01,0.6489176562050828,0.001148466044070988,0.3499338777508462,0.2076816467810498,0.09440201850647077,AVOID,0.5,0.19580151387985306,WATCH
300001,2025-06-02,0.6557456642696591,0.0005013507903486215,0.34375298493999223,0.21354977838252875,0.08812297876580985,AVOID,0.5,0.19109223407435738,WATCH
300001,2025-07-01,0.6556247386340984,0.0010109745170180631,0.3433642868488834,0.23504965321292304,0.08572508774610639,AVOID,0.5,0.1892938158095798,WATCH
600001,2025-07-31,0.6595077698582172,0.000847123310809132,0.3396451068309737,0.20309264827932352,0.08554075598210575,AVOID,0.5,0.18915556698657932,WATCH
600001,2025-08-06,0.6888663596467461,0.0009060096691906198,0.31022763068406317,0.20016373844502428,0.05936969570499255,AVOID,0.5,0.1695272717787444,WATCH
600001,2025-06-27,0.6875900596059653,0.0010554940138062863,0.3113544463802283,0.2107951633791982,0.05935058420704692,AVOID,0.5,0.16951293815528518,WATCH
300001,2025-07-15,0.6886354803050664,0.0011634756961407058,0.3102010439987929,0.20796154610253648,0.0586174801278881,AVOID,0.5,0.16896311009591608,WATCH
300001,2025-05-19,0.6828377255374121,0.01588984971796249,0.30127242474462546,0.23146738899616537,0.051176413314138844,AVOID,0.5,0.16338230998560413,WATCH
300001,2025-07-24,0.7043875008656527,0.0009447972111293297,0.29466770192321784,0.17033226443096502,0.04835666473002541,AVOID,0.5,0.16126749854751904,WATCH
300001,2025-07-29,0.7102662981279687,0.0005342748169465387,0.2891994270550849,0.1842295852667084,0.04196338078629482,AVOID,0.5,0.15647253558972113,WATCH
300001,2025-07-31,0.7117121281800161,0.0008396748714558646,0.28744819694852813,0.19254942665370037,0.039616369562596426,AVOID,0.5,0.15471227717194733,WATCH
300001,2025-06-04,0.7103448068220795,0.0005819716967438289,0.28907322148117676,0.21501683536729585,0.038780610135678226,AVOID,0.5,0.15408545760175868,WATCH
600001,2025-07-18,0.7151558141966781,0.0008902880224763312,0.28395389778084557,0.19518117414853017,0.036218448192403246,AVOID,0.5,0.15216383614430243,WATCH
600001,2025-05-29,0.7181195719513264,0.0011928693194454712,0.2806875587292281,0.19161051524246897,0.033696325195947494,AVOID,0.5,0.15027224389696062,WATCH
300001,2025-06-30,0.7153665925283569,0.0013829036542642326,0.283250503817379,0.2406955429289322,0.031132479873600693,AVOID,0.5,0.1483493599052005,AVOID
000001,2025-05-27,0.7365817473497978,0.002471997770164613,0.2609462548800377,0.2111148744485576,0.014234541501211048,AVOID,0.5,0.1356759061259083,AVOID
300001,2025-05-16,0.7396495276675364,0.0050752277590499885,0.25527524457341355,0.21155287699665531,0.00960747796821666,AVOID,0.5,0.1322056084761625,AVOID
600001,2025-01-15,0.028783248988593826,0.9492933383746002,0.021923412636805896,0.0,0.009589739048045361,AVOID,0.5,0.132192304286034,AVOID
300001,2025-07-16,0.7533888516663976,0.0006225702189965993,0.2459885781146059,0.19317136872181168,0.0021970974747634077,AVOID,0.5,0.12664782310607256,AVOID
300001,2025-01-16,0.02933323475214803,0.9597996948641198,0.010867070383732231,0.0,0.0017403023181829548,AVOID,0.5,0.12630522673863723,AVOID
600001,2025-01-20,0.1065354903106751,0.8668790587740827,0.02658545091524223,0.0,-0.0026972824214654585,AVOID,0.5,0.1229770381839009,AVOID
300001,2025-02-19,0.017325596278670658,0.9487406055825233,0.033933798138806065,0.248118644066226,-0.004523324965192487,AVOID,0.5,0.12160750627610563,AVOID
000001,2025-07-15,0.7651811383102022,0.0005278812450622456,0.23429098044473554,0.16946692690263832,-0.005979234040989406,AVOID,0.5,0.12051557446925795,AVOID
000001,2025-06-26,0.7645801799533127,0.0007610320126034619,0.23465878803408377,0.21685593504709277,-0.01034047787151321,AVOID,0.5,0.11724464159636509,AVOID
300001,2025-01-15,0.06813990990062702,0.9273280669574029,0.004532023141970216,0.0,-0.010455565780746252,AVOID,0.5,0.11715832566444032,AVOID
300001,2025-07-23,0.7736684479349102,0.0007620897437917711,0.22556946232129807,0.17189513585535493,-0.014024579547608908,AVOID,0.5,0.11448156533929332,AVOID
300001,2025-06-09,0.765568379100029,0.0011133494025822581,0.23331827149738885,0.24978939892764354,-0.01476982566459796,AVOID,0.5,0.11392263075155153,AVOID
300001,2025-05-23,0.7695801592228939,0.0036497945630807895,0.22677004621402522,0.2101106017462255,-0.016188059669383706,AVOID,0.5,0.11285895524796222,AVOID
600001,2025-06-13,0.7741356515844668,0.00046951801334582877,0.2253948304021873,0.213823891391571,-0.018433138174519387,AVOID,0.5,0.11117514636911047,AVOID
300001,2025-02-20,0.03723614233795097,0.9460209000441018,0.01674295761794722,0.24524564651918018,-0.020251722786945158,AVOID,0.5,0.10981120790979113,AVOID
000001,2025-06-10,0.7694360322344274,0.008200677242102935,0.2223632905234697,0.22272063813518334,-0.020504966893975036,AVOID,0.5,0.10962127482951872,AVOID
300001,2025-06-10,0.7809206779770755,0.0011418999480581231,0.21793742207486633,0.24029486566533576,-0.02765742670954226,AVOID,0.5,0.1042569299678433,AVOID
300001,2025-03-14,0.09629567333988932,0.884791360455858,0.018912966204252656,0.2221562774520161,-0.028235686070202617,AVOID,0.5,0.10382323544734803,AVOID
000001,2025-04-03,0.04966681927635802,0.9352974275630827,0.015035753160559474,0.29192191593610184,-0.028600528236490157,AVOID,0.5,0.10354960382263238,AVOID
300001,2025-02-13,0.045893364296368255,0.9507271045711942,0.0033795311324376237,0.2574040785879835,-0.032553408925365665,AVOID,0.5,0.10058494330597575,AVOID
300001,2025-07-30,0.7951202035550756,0.0006264833679909284,0.20425331307693334,0.18083472103736922,-0.03413019366089873,AVOID,0.5,0.09940235475432596,AVOID
300001,2025-05-06,0.07238483428325775,0.9250479494596937,0.0025672162570483693,0.24194765328999412,-0.036874680805717104,AVOID,0.5,0.09734398939571218,AVOID
000001,2025-07-04,0.800679065571794,0.0012641326376257856,0.1980568017905802,0.16935686905861208,-0.0384317387668139,AVOID,0.5,0.09617619592488957,AVOID
300001,2025-06-27,0.7947357125612877,0.001088181818902645,0.2041761056198095,0.23916894882055476,-0.039940763460446393,AVOID,0.5,0.0950444274046652,AVOID
600001,2025-06-25,0.7868213374286542,0.015707891801702588,0.1974707707696432,0.2083663432742601,-0.03997136227440663,AVOID,0.5,0.09502147829419502,AVOID
000001,2025-07-10,0.8028033650484678,0.0026216733992978592,0.1945749615522344,0.1660598231858944,-0.04096418224171895,AVOID,0.5,0.09427686331871078,AVOID
600001,2025-06-09,0.8005036627689168,0.0002787492626329733,0.19921758796845024,0.20808876016594574,-0.0414572969924628,AVOID,0.5,0.0939070272556529,AVOID
300001,2025-07-28,0.8070349115839274,0.00022544506851709993,0.19273964334755556,0.1689664713926169,-0.043385879112758305,AVOID,0.5,0.09246059066543127,AVOID
300001,2025-06-17,0.7967987110622686,0.0007550887010358474,0.2024462002366955,0.263821788383373,-0.044029580885104204,AVOID,0.5,0.09197781433617185,AVOID
000001,2025-07-11,0.8048425713883528,0.006898173156291255,0.18825925545535582,0.16716943257690464,-0.04590397871661195,AVOID,0.5,0.09057201596254104,AVOID
600001,2025-06-05,0.8177834874217005,0.000407714106045994,0.1818087984722536,0.21592396705839006,-0.057882935259601614,AVOID,0.5,0.0815877985552988,AVOID
300001,2025-05-30,0.8215390820306812,0.0017182570709940908,0.17674266089832485,0.20661032226949785,-0.061248986004258626,AVOID,0.5,0.07906326049680604,AVOID
000001,2025-06-24,0.7390475012213671,0.004316230962580724,0.25663626781605225,0.21529219330197022,0.010306667896766125,AVOID,0.2680793989660535,0.07474985066408796,AVOID
600001,2025-07-14,0.8343169095033729,0.0006693033888861561,0.165013787107741,0.18510833837654644,-0.06986456476291054,AVOID,0.5,0.07260157642781709,AVOID
600001,2025-05-05,0.835891256866222,0.0005071305877407407,0.16360161254603725,0.1761114606869986,-0.0702682686597182,AVOID,0.5,0.07229879850521134,AVOID
300001,2025-06-03,0.8343888483023997,0.0003792552597840255,0.1652318964378163,0.20955961403994788,-0.07217140355800335,AVOID,0.5,0.07087144733149749,AVOID
600001,2025-01-08,0.8569018705381836,0.0014951594967165902,0.14160296996509997,0.0,-0.07225829513206676,AVOID,0.5,0.07080627865094993,AVOID
000001,2025-07-14,0.8380971184743965,0.001577784311812821,0.1603250972137908,0.168933250907098,-0.07228518073593557,AVOID,0.5,0.07078611444804833,AVOID
000001,2025-04-21,0.8350409356350416,0.001021991423208246,0.16393707294175014,0.2057872028813259,-0.07283095635591583,AVOID,0.5,0.07037678273306314,AVOID
000001,2025-06-12,0.8331810519968613,0.0004795211636876399,0.1663394268394511,0.23164366043973106,-0.0733629776557296,AVOID,0.5,0.0699777667582028,AVOID
000001,2025-05-29,0.7971312744908479,0.045130946207953965,0.15773777930119823,0.25062023154749824,-0.07407183254208066,AVOID,0.5,0.0694461255934395,AVOID
600001,2025-05-06,0.8421458798120223,0.0006619252732462935,0.15719219491473144,0.17137980050931184,-0.07553261957302367,AVOID,0.5,0.06835053532023225,AVOID
300001,2025-07-22,0.842467862775266,0.0009044641863134203,0.15662767303842062,0.18056981846827955,-0.07691118327498674,AVOID,0.5,0.06731661254375995,AVOID
300001,2025-07-04,0.8442752897262575,0.000470971844100239,0.15525373842964224,0.21836230202979323,-0.08201367124748128,AVOID,0.5,0.06348974656438904,AVOID
300001,2025-06-11,0.8404184143732601,0.0009371417197705892,0.15864444390696927,0.2541611427768716,-0.0824486864174607,AVOID,0.5,0.06316348518690448,AVOID
000001,2025-05-19,0.8266868494357282,0.02138248282529362,0.15193066773897826,0.26215414567969775,-0.08520131703783064,AVOID,0.5,0.061099012221627017,AVOID
600001,2025-01-06,0.8750416342814037,0.000639625562481784,0.12431874015611441,0.0,-0.08798520874700068,AVOID,0.5,0.05901109343974949,AVOID
600001,2025-07-29,0.8548823641638382,0.0005137213655900427,0.14460391447057175,0.1948007040500322,-0.08923380310837065,AVOID,0.5,0.058074647668722015,AVOID
000001,2025-01-20,0.8832068753100845,0.0009445932584201947,0.1158485314314954,0.0,-0.09554740305997013,AVOID,0.5,0.0533394477050224,AVOID
600001,2025-07-17,0.8633429690081635,0.001032929943388237,0.1356241010484484,0.19510024678980525,-0.09724174774669936,AVOID,0.5,0.05206868918997548,AVOID
300001,2025-01-08,0.8918383712921568,0.001780601033748054,0.10638102767409527,0.0,-0.10390095488656469,AVOID,0.5,0.04707428383507649,AVOID
000001,2025-03-11,0.8742731889588288,0.001730873354200658,0.1239959376869705,0.18692871506303121,-0.10675035291718955,AVOID,0.5,0.04493723531210783,AVOID
300001,2025-06-25,0.8710056796958928,0.0006342154289493333,0.12836010487515775,0.23084649246439257,-0.10743371177300741,AVOID,0.5,0.044424716170244447,AVOID
600001,2025-06-23,0.8741945250631761,0.0022318433823160333,0.12357363155450786,0.21967736200499316,-0.11030509912497903,AVOID,0.5,0.04227117565626573,AVOID
600001,2025-05-28,0.8834935934505592,0.0003784916769128335,0.11612791487252802,0.17641700429497267,-0.11305087870883952,AVOID,0.5,0.040211840968370355,AVOID
000001,2025-06-27,0.8791753258790068,0.00101203992253501,0.11981263419845814,0.21242008253550732,-0.11320822949043143,AVOID,0.5,0.04009382788217643,AVOID
000001,2025-07-02,0.8824515207771446,0.0012095104081045762,0.1163389688147507,0.1882818403999306,-0.11388121002509652,AVOID,0.5,0.03958909248117762,AVOID
300001,2025-06-16,0.874081793748844,0.0007781760709813442,0.1251400301801746,0.26723460125168313,-0.1139417977488149,AVOID,0.5,0.03954365168838883,AVOID
000001,2025-08-07,0.8789289826863298,0.0007115781732616221,0.12035943914040854,0.23022668425697862,-0.11455685756467786,AVOID,0.5,0.03908235682649161,AVOID
000001,2025-05-23,0.8740993698528587,0.004497509103078266,0.121403121044063,0.25157534875448306,-0.11499522411517596,AVOID,0.5,0.038753581913618024,AVOID
600001,2025-01-30,0.8858492817269609,0.0008388072557800486,0.11331191101725906,0.19021032556526987,-0.11687255118983782,AVOID,0.5,0.037345586607621634,AVOID
600001,2025-03-05,0.8835696167729038,0.0006974535798392467,0.11573292964725708,0.21659626519888062,-0.11736049912138889,AVOID,0.5,0.036979625658958334,AVOID
000001,2025-07-25,0.8872173458507199,0.000702114395255605,0.11208053975402449,0.19097215410858803,-0.11808430675318564,AVOID,0.5,0.036436769935110774,AVOID
300001,2025-07-07,0.8870863746726323,0.0005249947667070908,0.11238863056066054,0.20904613421889617,-0.11964984696395373,AVOID,0.5,0.03526261477703471,AVOID
000001,2025-06-16,0.8851258639505716,0.0003315960598199077,0.11454253998960834,0.2299833286545053,-0.11984372766283902,AVOID,0.5,0.03511720425287074,AVOID
000001,2025-01-17,0.9097543645935118,0.0016620762216333713,0.08858355918485492,0.0,-0.11994238148930395,AVOID,0.5,0.035043213883022034,AVOID
300001,2025-07-10,0.8871489392560845,0.0003132303260252078,0.11253783041789008,0.21397215324959332,-0.1200505218836532,AVOID,0.5,0.03496210858726009,AVOID
300001,2025-03-07,0.8851016067073598,0.002669825627834176,0.112228567664806,0.21843753359268842,-0.12030407733537661,AVOID,0.5,0.034771941998467545,AVOID
300001,2025-06-20,0.883985579317432,0.0006161896636869311,0.11539823101888114,0.2464230705142218,-0.1206606612016918,AVOID,0.5,0.034504504098731154,AVOID
300001,2025-05-22,0.8894305358407386,0.0022431390071119875,0.10832632515214938,0.21198437237753065,-0.12325611679939624,AVOID,0.5,0.03255791240045282,AVOID
600001,2025-03-19,0.8917829136011765,0.0002647372872628687,0.10795234911156067,0.20546533652888457,-0.1233364719950313,AVOID,0.5,0.032497646003726524,AVOID
300001,2025-01-30,0.8964927087871313,0.0003821132384931643,0.10312517797437554,0.16878478168774574,-0.12398939534413797,AVOID,0.5,0.03200795349189653,AVOID
300001,2025-01-24,0.8963813082978701,0.0005295167389643488,0.10308917496316555,0.18324102964100236,-0.1254379421494584,AVOID,0.5,0.030921543387906203,AVOID
000001,2025-05-20,0.885557928039141,0.0036921445585409067,0.11074992740231804,0.2742463493580404,-0.12701127136200965,AVOID,0.5,0.029741546478492753,AVOID
600001,2025-07-11,0.8989842664275323,0.00043133418416537367,0.1005843993883024,0.18359364687514393,-0.1277471384012092,AVOID,0.5,0.029189646199093117,AVOID
300001,2025-01-28,0.9005696374480899,0.00026510457189209244,0.09916525798001809,0.1721613744404662,-0.12791438434765195,AVOID,0.5,0.029064211739261034,AVOID
000001,2025-03-18,0.9005189756136565,0.0005154079521359277,0.09896561643420755,0.18026019611222258,-0.1288538832300083,AVOID,0.5,0.02835958757749378,AVOID
000001,2025-06-04,0.8610300957675082,0.041174388645184835,0.09779551558730698,0.2545781067129704,-0.1292069689136838,AVOID,0.5,0.028094773314737143,AVOID
300001,2025-04-07,0.8980442208593001,0.0004278810092669593,0.10152789813143273,0.2093730615649756,-0.1294766216363547,AVOID,0.5,0.02789253377273397,AVOID
600001,2025-08-08,0.9014314776177341,0.00034877172383493416,0.09821975065843101,0.18066190311267663,-0.1295986603739128,AVOID,0.5,0.027801004719565398,AVOID
000001,2025-02-27,0.897336212043218,0.0008968928247944476,0.10176689513198756,0.21630963592388375,-0.12986137940864073,AVOID,0.5,0.02760396544351945,AVOID
300001,2025-05-28,0.8989493483543238,0.0009335674255351551,0.1001170842201411,0.20306397074981222,-0.13001430779174725,AVOID,0.5,0.027489269156189572,AVOID
600001,2025-05-27,0.9013354457220465,0.0024776218325237524,0.09618693244542968,0.17543652208672306,-0.13047988864128085,AVOID,0.5,0.027140083519039362,AVOID
600001,2025-03-20,0.8999025455372553,0.0004398689031028801,0.09965758555964181,0.206966788379967,-0.13091687805369853,AVOID,0.5,0.026812341459726108,AVOID
000001,2025-02-10,0.8991223922728834,0.0003904490233451338,0.10048715870377149,0.22261868984389463,-0.13174533634632613,AVOID,0.5,0.026190997740255406,AVOID
000001,2025-03-14,0.9044202760617975,0.00026734615167940754,0.09531237778652313,0.18301717250382668,-0.13246710801217598,AVOID,0.5,0.025649668990868013,AVOID
000001,2025-05-21,0.8707691178274419,0.032554355087833914,0.09667652708472424,0.2666214008650796,-0.1331423946926894,AVOID,0.5,0.025143203980482948,AVOID
300001,2025-08-08,0.9004039847066648,0.0004460884763209646,0.09914992681701408,0.22477780877263975,-0.1331536290466871,AVOID,0.5,0.02513477821498468,AVOID
300001,2025-04-18,0.8980318575226113,0.0007616365219884488,0.1012065059554002,0.24417278661804323,-0.13317909599754646,AVOID,0.5,0.025115678001840155,AVOID
000001,2025-05-30,0.888130856893231,0.014576696229455165,0.09729244687731393,0.24162818391250881,-0.13368427695577734,AVOID,0.5,0.024736792283166997,AVOID
000001,2025-06-13,0.9007496935842922,0.0004553029354093334,0.09879500348029845,0.2339094774279035,-0.1343843840234399,AVOID,0.5,0.02421171198242006,AVOID
000001,2025-03-27,0.8915861437363831,0.006981093316889221,0.10143276294672768,0.2723994958907801,-0.13455424427364526,AVOID,0.5,0.024084316794766053,AVOID
600001,2025-02-04,0.9023688342219903,0.006405569793329586,0.0912255959846801,0.1890053779943154,-0.13551638745455358,AVOID,0.5,0.023362709409084817,AVOID
000001,2025-07-28,0.908044326388911,0.00033466424440217854,0.09162100936668675,0.19513067031789189,-0.13698722575289066,AVOID,0.5,0.022259580685332014,AVOID
300001,2025-06-19,0.9051432616921318,0.00043687890745221865,0.09441985940041589,0.24380163779819675,-0.13931491453795491,AVOID,0.5,0.020513814096533814,AVOID
600001,2025-06-30,0.9105898649847439,0.000507428912404186,0.08890270610285206,0.19942765028754605,-0.13982884375370697,AVOID,0.5,0.020128367184719775,AVOID
000001,2025-01-07,0.9327154750456138,0.0021109970553792145,0.06517352789900692,0.0,-0.14092162547981793,AVOID,0.5,0.019308780890136545,AVOID
000001,2025-02-07,0.9114445185916061,0.0001707575794165099,0.08838472382897727,0.20654040607183521,-0.14107363764522068,AVOID,0.5,0.019194771766084487,AVOID
000001,2025-01-29,0.9131288451025382,0.00045670710751494605,0.08641444778994684,0.19021642671677347,-0.1411572982392222,AVOID,0.5,0.019132026320583334,AVOID
600001,2025-01-23,0.9121129937098847,0.005632868692495317,0.08225413759762003,0.16651318754917013,-0.14149602117855997,AVOID,0.5,0.01887798411608002,AVOID
300001,2025-04-22,0.9066416904178192,0.0009004066211351239,0.09245790296104564,0.2625105788671226,-0.14285886389754418,AVOID,0.5,0.01785585207684187,AVOID
600001,2025-07-03,0.9161144788082503,0.0002280036261761478,0.0836575175655735,0.19082330366911932,-0.14374496383266055,AVOID,0.5,0.017191277125504584,AVOID
000001,2025-04-23,0.9172990814246806,0.00029296630704454064,0.08240795226827487,0.18295521601904458,-0.1440697712990482,AVOID,0.5,0.01694767152571386,AVOID
000001,2025-06-05,0.909882851668105,0.00422000395529217,0.08589714437660272,0.23065730962194925,-0.14491430023219404,AVOID,0.5,0.016314274825854472,AVOID
000001,2025-06-25,0.9164609102347562,0.0004823226583881263,0.0830567671068556,0.20602191949458715,-0.14575463702161107,AVOID,0.5,0.0156840222337917,AVOID
000001,2025-06-06,0.905589821436073,0.0125438388879097,0.08186633967601713,0.223726113497616,-0.14618413786376422,AVOID,0.5,0.015361896602176836,AVOID
300001,2025-01-10,0.937551385183616,0.00361331588575005,0.05883529893063397,0.0,-0.14632556778527944,AVOID,0.5,0.015255824161040418,AVOID
300001,2025-02-27,0.9166834258077022,0.004098346625238814,0.07921822756705892,0.19194820740774798,-0.147078746605374,AVOID,0.5,0.014690940045969492,AVOID
600001,2025-05-15,0.9217982880749764,0.00033241120942007927,0.07786930071560355,0.1796777442043543,-0.14781892153450824,AVOID,0.5,0.01413580884911883,AVOID
000001,2025-04-04,0.9082305866766776,0.004149121922189979,0.08762029140113241,0.2806263609462261,-0.14837454944916548,AVOID,0.5,0.0137190879131259,AVOID
300001,2025-08-05,0.9209692142120108,0.0003855992513354427,0.07864518653665376,0.19878304956999687,-0.14902051722374424,AVOID,0.5,0.013234612082191816,AVOID
300001,2025-07-11,0.9209164391659285,0.00018344569021191463,0.07890011514385965,0.2114618068400774,-0.1500993879164917,AVOID,0.5,0.012425459062631233,AVOID
000001,2025-04-22,0.9215137887133068,0.0003958059424829192,0.07809040534421036,0.20532774029759407,-0.1501722480314735,AVOID,0.5,0.012370813976394876,AVOID
600001,2025-06-02,0.9175349243406831,0.0030509379795298133,0.07941413767978717,0.2234258995120106,-0.15025967844348667,AVOID,0.5,0.01230524116738499,AVOID
000001,2025-01-30,0.9230061472392453,0.0002406032303116052,0.07675324953044312,0.19566782877267352,-0.15044073765380625,AVOID,0.5,0.01216944675964532,AVOID
000001,2025-03-07,0.922286781599199,0.0002986775587129262,0.07741454084208817,0.2030044893890542,-0.15056762666928353,AVOID,0.5,0.012074279998037354,AVOID
600001,2025-08-07,0.9239656127980931,0.0006003095043538187,0.07543407769755314,0.18915209451046072,-0.15090447762237752,AVOID,0.5,0.01182164178321686,AVOID
300001,2025-07-14,0.9230871903859466,0.0004608254226112136,0.07645198419144225,0.20373675249655002,-0.15147472439283477,AVOID,0.5,0.011393956705373923,AVOID
600001,2025-06-16,0.9235966392960097,0.00016870806290589916,0.07623465264108453,0.20752074733412512,-0.15210714574385528,AVOID,0.5,0.010919640692108545,AVOID
300001,2025-02-10,0.915516872966963,0.0018138777908633691,0.08266924924217349,0.2762788363694103,-0.1528627837608122,AVOID,0.5,0.010352912179390855,AVOID
600001,2025-01-10,0.9480215988278717,0.0015034241877547665,0.0504749769843736,0.0,-0.15427183587651283,AVOID,0.5,0.009296123092615377,AVOID
300001,2025-06-06,0.9226317056584455,0.000784213956129227,0.07658408038542522,0.23447367719743673,-0.15436485258163515,AVOID,0.5,0.009226360563773628,AVOID
000001,2025-07-24,0.929098687236825,0.0007508016902831333,0.07015051107289189,0.18715273645455058,-0.15542965334179576,AVOID,0.5,0.00842775999365318,AVOID
300001,2025-03-03,0.9281332767902137,0.0009357059553026673,0.07093101725448364,0.1964743934076107,-0.1556223826206653,AVOID,0.5,0.008283213034501025,AVOID
600001,2025-04-22,0.9305710532948702,0.0018089973784581963,0.06761994932667156,0.17254948340303153,-0.1560351944706071,AVOID,0.5,0.007973604147044677,AVOID
300001,2025-01-23,0.9290582163189186,0.0029297115009349257,0.06801207218014634,0.17856855578538933,-0.15606004831622025,AVOID,0.5,0.007954963762834805,AVOID
300001,2025-03-20,0.9228839155372024,0.006818754076601398,0.07029733038619622,0.20804147420661837,-0.15617279925776498,AVOID,0.5,0.00787040055667626,AVOID
300001,2025-02-21,0.9261184319989595,0.0023036358735587315,0.0715779321274817,0.21632557910875044,-0.15675169182142978,AVOID,0.5,0.007436231133927662,AVOID
300001,2025-05-20,0.9251785352658618,0.002977476538387512,0.07184398819575069,0.2206347809446788,-0.15680839341061478,AVOID,0.5,0.00739370494203892,AVOID
600001,2025-07-23,0.9305660405566893,0.00043559839308621553,0.0689983610502244,0.19743673804542056,-0.15755802918072287,AVOID,0.5,0.006831478114457848,AVOID
600001,2025-02-10,0.931364774461463,0.00037866604567486883,0.0682565594928621,0.19557214696804426,-0.15805057794409358,AVOID,0.5,0.006462066541929823,AVOID
600001,2025-05-16,0.9329822604099064,0.00031788492233218496,0.06669985466776153,0.18271903523490948,-0.15817845733803915,AVOID,0.5,0.00636615699647064,AVOID
300001,2025-06-18,0.9254935521734159,0.00034762430322218563,0.07415882352336207,0.2519557552445094,-0.15838310949278067,AVOID,0.5,0.006212667880414496,AVOID
000001,2025-05-26,0.9288973556087504,0.0005817848971696123,0.07052085949407991,0.22058179311069553,-0.15847304878696372,AVOID,0.5,0.006145213409777209,AVOID
300001,2025-03-21,0.9304721523254647,0.0007356379790165722,0.06879220969551873,0.2054076441879094,-0.15848064809702078,AVOID,0.5,0.0061395139272344135,AVOID
300001,2025-01-07,0.9548436763790443,0.0012336846641426318,0.04392263895681292,0.0,-0.16022288800603984,AVOID,0.5,0.004832833995470118,AVOID
300001,2025-02-25,0.9209597360630943,0.015315660027199028,0.0637246039097067,0.2126758678673926,-0.16085231126256347,AVOID,0.5,0.004360766553077405,AVOID
000001,2025-01-10,0.9552292170905231,0.0024973965001221085,0.04227338640935478,0.0,-0.1614544729315563,AVOID,0.5,0.003909145301332781,AVOID
300001,2025-03-12,0.9318208889517104,0.0018576538661021433,0.06632145718218747,0.22129967986802282,-0.16206912574961313,AVOID,0.5,0.0034481556877901526,AVOID
300001,2025-01-09,0.958120933451387,0.0008762914220558955,0.0410027751265569,0.0,-0.1629222441016876,AVOID,0.5,0.0028083169237343025,AVOID
600001,2025-02-28,0.9327790305320472,0.0016048922986729983,0.06561607716927982,0.2262883765563502,-0.1632533897435486,AVOID,0.5,0.002559957692338549,AVOID
000001,2025-02-24,0.9367583467346513,0.00026377615429544135,0.06297787711105317,0.20183342465015808,-0.16345049783420884,AVOID,0.5,0.0024121266243433692,AVOID
000001,2025-03-28,0.921846733073809,0.0097455581922993,0.06840770873389151,0.27135993566672334,-0.1636199440677101,AVOID,0.5,0.0022850419492174145,AVOID
000001,2025-05-08,0.9218006107488825,0.005471775909192206,0.07272761334192505,0.3053540773063344,-0.16398620054106244,AVOID,0.5,0.0020103495942031674,AVOID
600001,2025-07-25,0.9347603423274333,0.0017759037817726027,0.063463753890794,0.21801460509501627,-0.1643289012514325,AVOID,0.5,0.0017533240614256151,AVOID
600001,2025-01-27,0.9369583630530576,0.004800101706578834,0.058241535240363636,0.1799834958936652,-0.1646209475317235,AVOID,0.5,0.0015342893512073907,AVOID
300001,2025-05-09,0.9313909655991425,0.006913141070186692,0.061695893330671034,0.21642565551194895,-0.16473363333955368,AVOID,0.5,0.001449774995334746,AVOID
300001,2025-01-31,0.9406641576782108,0.00047520308112645863,0.058860639240662926,0.17997830822949157,-0.16492821489012727,AVOID,0.5,0.0013038388324045497,AVOID
300001,2025-01-14,0.9572771208351691,0.004866008401197885,0.03785687076363301,0.0,-0.16495561463249073,AVOID,0.5,0.0012832890256319618,AVOID
600001,2025-04-18,0.9380502606724488,0.0011272237874375886,0.06082251554011357,0.2031349281790667,-0.16534778407431697,AVOID,0.5,0.0009891619442622679,AVOID
000001,2025-01-08,0.9576982264685412,0.005084744606059342,0.03721702892539942,0.0,-0.16548772504592868,AVOID,0.5,0.0008842062155534902,AVOID
600001,2025-07-04,0.9411692287196737,0.00028163158463224617,0.05854913969569395,0.18363735992833535,-0.16561318394978253,AVOID,0.5,0.0007901120376631043,AVOID
000001,2025-04-14,0.9369988041479331,0.0002942936848237482,0.06270690216724298,0.24440450504485067,-0.16794537981700164,AVOID,0.5,-0.0009590348627512291,AVOID
000001,2025-06-11,0.939978047146228,0.0005072733549545126,0.05951467949881749,0.22360583932261327,-0.16869591771233472,AVOID,0.5,-0.0015219382842510398,AVOID
300001,2025-01-02,0.9648477989109698,0.0005045898917500427,0.03464761119728021,0.0,-0.16871623194409785,AVOID,0.5,-0.0015371739580734012,AVOID
600001,2025-03-21,0.9413002914573084,0.00023942988496970593,0.05846027865772206,0.2139101243432726,-0.1687288756653835,AVOID,0.5,-0.001546656749037617,AVOID
000001,2025-03-19,0.9460350603099817,0.00032597623310989316,0.053638963456908474,0.17086313648822823,-0.16874605129098325,AVOID,0.5,-0.0015595384682374203,AVOID
600001,2025-01-07,0.964206600209726,0.0016709555221651505,0.034122444268108655,0.0,-0.16895560905426915,AVOID,0.5,-0.0017167067907018496,AVOID
600001,2025-06-18,0.9415194919927988,0.000314041130400355,0.05816646687680098,0.2145198807062293,-0.16903935965542202,AVOID,0.5,-0.0017795197415665098,AVOID
300001,2025-03-27,0.9416609699405408,0.002015148405645021,0.05632388165381409,0.2027201459657757,-0.16917749142701588,AVOID,0.5,-0.0018831185702619102,AVOID
600001,2025-01-17,0.9515545921988587,0.019171202643761716,0.029274205157379496,0.0,-0.16981897482960612,AVOID,0.5,-0.002364231122204574,AVOID
300001,2025-05-26,0.9443635277153369,0.0002745877228032997,0.055361884561859906,0.19857735485041628,-0.1699771218348071,AVOID,0.5,-0.002482841376105327,AVOID
600001,2025-03-07,0.9434647658097184,0.00030708186160694905,0.05622815232867475,0.2065778494329773,-0.16999103147516909,AVOID,0.5,-0.0024932736063768,AVOID
600001,2025-06-19,0.9411170740941938,0.0012432049419231045,0.057639720963882965,0.22332312983258168,-0.17020792312737884,AVOID,0.5,-0.0026559423455341236,AVOID
300001,2025-06-23,0.9395156423165224,0.00041394707519127737,0.060070410608286245,0.24703187844959687,-0.17055702888246377,AVOID,0.5,-0.0029177716618478122,AVOID
600001,2025-07-21,0.9455525001256305,0.0006101308538919678,0.053837369020477546,0.19700004396929638,-0.17112434610772148,AVOID,0.5,-0.0033432595807911247,AVOID
600001,2025-01-14,0.9654496164736484,0.003326076732258012,0.031224306794093614,0.0,-0.17123290853886416,AVOID,0.5,-0.0034246814041481166,AVOID
300001,2025-01-22,0.9465808783856089,0.0019112866240699872,0.05150783499032106,0.1799101365321772,-0.17125170483711477,AVOID,0.5,-0.003438778627836092,AVOID
300001,2025-01-13,0.9674699728068284,0.0016323741278270703,0.030897653065344637,0.0,-0.17186563741562447,AVOID,0.5,-0.0038992280617183572,AVOID
600001,2025-02-03,0.9470313835838294,0.0009426241116154957,0.05202599230455503,0.18952438823045592,-0.171940520926623,AVOID,0.5,-0.0039553906949672535,AVOID
000001,2025-01-02,0.96759117275648,0.0017124349388214007,0.030696392304698412,0.0,-0.17203075993800712,AVOID,0.5,-0.004023069953505348,AVOID
000001,2025-04-11,0.9405603556615055,0.00013668605698427303,0.059302958281510144,0.25676963971777733,-0.17227696430702175,AVOID,0.5,-0.004207723230266303,AVOID
600001,2025-05-13,0.9504128486447542,0.0007933946247461245,0.04879375673049968,0.1678842788642897,-0.17271536790403005,AVOID,0.5,-0.004536525928022533,AVOID
300001,2025-05-07,0.9381029138334919,0.006484704240051691,0.05541238192645632,0.2390216319021933,-0.1727340786083983,AVOID,0.5,-0.004550558956298717,AVOID
300001,2025-06-13,0.9418979560797788,0.00037246307130653453,0.05772958084891482,0.2504628451483143,-0.17301516913654683,AVOID,0.5,-0.004761376852410126,AVOID
300001,2025-04-09,0.9429518016438262,0.0004049992036313587,0.05664319915254239,0.2431562386239408,-0.17325574478437966,AVOID,0.5,-0.004941808588284746,AVOID
600001,2025-04-03,0.9369536031847765,0.000564885441899981,0.06248151137332342,0.2967910367202608,-0.173332766347655,AVOID,0.5,-0.004999574760741254,AVOID
600001,2025-04-04,0.9381847666097431,0.0004255988906987075,0.0613896344995581,0.2877460513809882,-0.1734388143103568,AVOID,0.5,-0.005079110732767594,AVOID
300001,2025-02-03,0.9459909537043012,0.000983816086709994,0.05302523020898884,0.21361331766469627,-0.1734418613610377,AVOID,0.5,-0.005081396020778284,AVOID
300001,2025-01-03,0.9694445307558102,0.0015755483376452362,0.02897992090654449,0.0,-0.17360296151658092,AVOID,0.5,-0.005202221137435681,AVOID
300001,2025-03-25,0.9464671848363138,0.0010217291393206907,0.05251108602436548,0.21115948536275492,-0.1736516252864824,AVOID,0.5,-0.005238718964861805,AVOID
000001,2025-06-03,0.9305228351644743,0.017513335366463073,0.051963829469062604,0.23994050070679862,-0.17372393647523093,AVOID,0.5,-0.005292952356423186,AVOID
000001,2025-02-03,0.9478711904273445,0.0001787154315677818,0.05195009414108757,0.20795499461373104,-0.17400467164808073,AVOID,0.5,-0.005503503736060539,AVOID
300001,2025-07-08,0.946099150101475,0.000352282907630091,0.053548566990894865,0.22782437584584492,-0.1745182707112531,AVOID,0.5,-0.005888703033439802,AVOID
000001,2025-02-25,0.9484871811986535,0.0003097459636390982,0.05120307283770751,0.20759492450852704,-0.17461477770418815,AVOID,0.5,-0.005961083278141099,AVOID
600001,2025-01-13,0.9711294300808148,0.0012031673324694424,0.02766740258671591,0.0,-0.17485870420546185,AVOID,0.5,-0.00614402815409637,AVOID
300001,2025-01-06,0.9721993322768306,0.0005220516686317776,0.027278616054537602,0.0,-0.17534483521718983,AVOID,0.5,-0.0065086264128923765,AVOID
600001,2025-01-21,0.9468253613505728,0.009588367490057006,0.04358627115937003,0.1695934205071214,-0.1758140245092677,AVOID,0.5,-0.0068605183819507864,AVOID
600001,2025-07-09,0.9521084768348504,0.0003248975025304055,0.047566625662619245,0.19104250393940664,-0.1762293077970773,AVOID,0.5,-0.007171980847807957,AVOID
600001,2025-03-03,0.9485187511515591,0.0001949400806653192,0.051286308767775554,0.225480129798878,-0.17635134707275674,AVOID,0.5,-0.007263510304567566,AVOID
000001,2025-02-04,0.9511729751046281,0.0001629987802644825,0.048664026115107326,0.20327575080868523,-0.17649735182121903,AVOID,0.5,-0.0073730138659142685,AVOID
300001,2025-04-10,0.9486551487446737,0.00021071827274645244,0.05113413298257991,0.23515661415300115,-0.1774527980764289,AVOID,0.5,-0.008089598557321692,AVOID
000001,2025-07-09,0.9547517510495274,0.0012664863464663203,0.0439817626040064,0.1734440689071185,-0.17750752327781283,AVOID,0.5,-0.008130642458359622,AVOID
300001,2025-05-02,0.9459329273835649,0.004324785865007115,0.049742286751427875,0.2371966179636303,-0.1780866465470765,AVOID,0.5,-0.008564984910307383,AVOID
600001,2025-02-06,0.9546415784837634,0.00031743410291367634,0.0450409874133228,0.18958090423294924,-0.17835771493072167,AVOID,0.5,-0.008768286198041264,AVOID
000001,2025-05-09,0.940220688254747,0.004098422634360752,0.055680889110892307,0.29334606210069303,-0.1784021214833941,AVOID,0.5,-0.008801591112545581,AVOID
300001,2025-04-23,0.9470511253098837,0.0002824313877770165,0.052666443302339265,0.26025296508832513,-0.17856901125917177,AVOID,0.5,-0.008926758444378818,AVOID
000001,2025-04-25,0.9530027267841,0.0002965560299449858,0.046700717185955025,0.20903782875060684,-0.1788138262017122,AVOID,0.5,-0.009110369651284145,AVOID
600001,2025-07-01,0.9551322626227927,0.00019581026809478857,0.04467192710911256,0.19551951282265934,-0.1793080548304457,AVOID,0.5,-0.009481041122834266,AVOID
000001,2025-01-06,0.9751228718557282,0.002828078613303371,0.022049049530968333,0.0,-0.1795902396994678,AVOID,0.5,-0.009692679774600865,AVOID
300001,2025-05-27,0.9552790347446681,0.0011490670732519097,0.043571898182079974,0.19143388385631985,-0.17969886660710965,AVOID,0.5,-0.00977414995533224,AVOID
300001,2025-07-09,0.9520008292085392,0.00023045847196642502,0.0477687123194944,0.22803066019095042,-0.17976513323715682,AVOID,0.5,-0.009823849927867612,AVOID
600001,2025-01-28,0.950302752583313,0.008488613574177106,0.0412086338425098,0.19016501048282752,-0.1802310078751885,AVOID,0.5,-0.01017325590639137,AVOID
000001,2025-07-31,0.9524822212301215,0.00044543772888004613,0.047072341040998424,0.22706233225944333,-0.18025203874326973,AVOID,0.5,-0.010189029057452281,AVOID
600001,2025-02-21,0.9550641594242133,0.0003063439332003158,0.04462949664258644,0.2112904303187167,-0.18090122726690383,AVOID,0.5,-0.010675920450177873,AVOID
600001,2025-07-22,0.9568644313662152,0.00042804377845311867,0.04270752485533156,0.19899544447795545,-0.18137716332230652,AVOID,0.5,-0.011032872491729906,AVOID
600001,2025-02-25,0.9560636453400874,0.0009769052629189396,0.04295944939699358,0.20283501966675072,-0.18142461645679706,AVOID,0.5,-0.011068462342597785,AVOID
300001,2025-04-11,0.9524028241847132,0.00030826934637794213,0.047288906468908924,0.24267651576048055,-0.18164598188475445,AVOID,0.5,-0.011234486413565836,AVOID
000001,2025-01-03,0.9794009826681029,0.0008598962927837699,0.019739121039113346,0.0,-0.18206281180624126,AVOID,0.5,-0.011547108854680938,AVOID
300001,2025-04-21,0.9529673611297244,0.0002876645864083428,0.04674497428386741,0.24681934165122055,-0.18255392439235973,AVOID,0.5,-0.0119154432942698,AVOID
600001,2025-03-12,0.9572786628445389,0.00023271243309140802,0.04248862472236967,0.2107551949982731,-0.18278921476307633,AVOID,0.5,-0.012091911072307254,AVOID
000001,2025-04-24,0.9579896580122214,0.00045986455948106373,0.04155047742829758,0.20416527901712,-0.182929125304348,AVOID,0.5,-0.012196843978260985,AVOID
600001,2025-05-14,0.9621534076887359,0.0001610833844948563,0.03768550892676905,0.1701935185219119,-0.18307017714120005,AVOID,0.5,-0.012302632855900053,AVOID
600001,2025-06-03,0.9550124783592165,0.0019200614330951472,0.04306746020768835,0.22289229074276132,-0.1831445026007376,AVOID,0.5,-0.012358376950553196,AVOID
000001,2025-07-29,0.959512948662886,0.00022865124885880625,0.040258400088255306,0.19430487390379303,-0.1831521970611778,AVOID,0.5,-0.012364147795883351,AVOID
300001,2025-05-12,0.9575914313134579,0.0021408424039375583,0.04026772628260441,0.2035009825241479,-0.18368097611728332,AVOID,0.5,-0.012760732087962495,AVOID
600001,2025-06-24,0.8879364839686744,0.0007833431100218113,0.1112801729213037,0.20329339575876296,-0.1200205153246986,AVOID,0.3080606657121403,-0.013000220065488871,AVOID
000001,2025-06-20,0.9557114384813957,0.0009733556361012292,0.04331520588250298,0.23547863967354216,-0.1843695075458813,AVOID,0.5,-0.013277130659410968,AVOID
600001,2025-01-03,0.9825732151647483,0.0003037410167357409,0.017123043818516002,0.0,-0.18452851235998846,AVOID,0.5,-0.013396384269991346,AVOID
000001,2025-04-01,0.9418444766301267,0.011521087961785947,0.046634435408087344,0.2916773978007343,-0.18489253032043762,AVOID,0.5,-0.013669397740328215,AVOID
300001,2025-05-08,0.9534710280138697,0.005356591913342731,0.0411723800727877,0.23193833199101355,-0.18506737275092394,AVOID,0.5,-0.013800529563192943,AVOID
600001,2025-07-15,0.962877593711175,0.00045467814529919566,0.03666772814352577,0.1839794677045245,-0.1853060558122194,AVOID,0.5,-0.013979541859164557,AVOID
000001,2025-02-26,0.9618132079475751,0.0002761118070351397,0.03791068024538967,0.19847769568200962,-0.18567293498594323,AVOID,0.5,-0.014254701239457435,AVOID
600001,2025-07-07,0.9638361335908996,0.0002067268302995487,0.03595713957880105,0.18409355720011206,-0.1860065847330304,AVOID,0.5,-0.014504938549772806,AVOID
600001,2025-03-31,0.9551495944696646,0.000414557060243075,0.04443584847009208,0.2613466853115646,-0.18605949349602494,AVOID,0.5,-0.014544620122018709,AVOID
600001,2025-05-12,0.9656503327486081,0.00031386167558375595,0.03403580557580805,0.16986764522547126,-0.18629176716920315,AVOID,0.5,-0.014718825376902361,AVOID
600001,2025-05-09,0.9649884378768304,0.0002622899385304436,0.03474927218463916,0.17769177670582462,-0.1864423747167011,AVOID,0.5,-0.014831781037525832,AVOID
000001,2025-03-21,0.9642576585607686,0.0002522444635044705,0.03549009697572683,0.1859543854580139,-0.18660390237494637,AVOID,0.5,-0.014952926781209769,AVOID
600001,2025-01-24,0.9670765294850181,0.0003770153190908839,0.032546455195890944,0.16503719277988368,-0.18713650653786834,AVOID,0.5,-0.01535237990340127,AVOID
600001,2025-04-21,0.9628642483129777,0.0023652827923300013,0.0347704688946924,0.19129461017300994,-0.18736298245361188,AVOID,0.5,-0.015522236840208925,AVOID
000001,2025-07-01,0.9654022028877349,0.00042324740275849433,0.03417454970950659,0.18817325551306185,-0.18797558133219858,AVOID,0.5,-0.015981685999148926,AVOID
000001,2025-03-05,0.9664501323581572,0.0001993672842229748,0.03335050035761981,0.19698646774367942,-0.18964332299566555,AVOID,0.5,-0.017232492246749165,AVOID
000001,2025-03-04,0.9670270510880195,0.00020958741751617456,0.03276336149446432,0.2037443113135781,-0.19084548830283668,AVOID,0.5,-0.018134116227127517,AVOID
300001,2025-02-24,0.9639803188397352,0.0028819850158981796,0.0331376961443667,0.2138968759991314,-0.1909893640668035,AVOID,0.5,-0.01824202305010264,AVOID
300001,2025-01-29,0.9697739719760294,0.00015417688306419236,0.03007185114090635,0.1837066703747175,-0.19127516563404323,AVOID,0.5,-0.018456374225532424,AVOID
000001,2025-05-15,0.951043764819233,0.012086614503343696,0.03686962067742326,0.27211335441331846,-0.19161135393098216,AVOID,0.5,-0.018708515448236623,AVOID
000001,2025-05-22,0.9610886410624848,0.0014949303849965084,0.03741642855251871,0.2568725291109749,-0.19171348113683137,AVOID,0.5,-0.01878511085262352,AVOID
600001,2025-04-02,0.9573511838318635,0.0007360664633986236,0.04191274970473788,0.2984233741314709,-0.1919736493862033,AVOID,0.5,-0.01898023703965246,AVOID
300001,2025-03-10,0.9623311427587463,0.0061883652016412865,0.03148049203961251,0.21602908306636515,-0.19203279243065705,AVOID,0.5,-0.019024594322992777,AVOID
300001,2025-03-17,0.9661804681725975,0.0006561622738446645,0.03316336955355785,0.22133935556553658,-0.19215567050358268,AVOID,0.5,-0.019116752877686993,AVOID
600001,2025-03-04,0.9667369652578268,0.00029934098222235623,0.03296369375995074,0.2188499095354644,-0.19215779837314628,AVOID,0.5,-0.019118348779859712,AVOID
600001,2025-06-20,0.9664408028921398,0.00034447221757477576,0.03321472489028541,0.2232051820916822,-0.19235837136439643,AVOID,0.5,-0.019268778523297336,AVOID
000001,2025-04-02,0.9512071445386783,0.009979200509911827,0.03881365495140987,0.2944145947791272,-0.19251332991966147,AVOID,0.5,-0.019384997439746088,AVOID
000001,2025-07-07,0.9726951670185323,0.0012544095362590874,0.02605042344520867,0.16629249337510388,-0.19293298632957082,AVOID,0.5,-0.01969973974717812,AVOID
600001,2025-01-01,0.9920865762009303,0.00035252417144429827,0.007560899627625244,0.0,-0.1931246855008484,AVOID,0.5,-0.019843514125636313,AVOID
000001,2025-01-01,0.9921784709761853,0.0003799654098429825,0.007441563613971687,0.0,-0.19322659966545688,AVOID,0.5,-0.01991994974909267,AVOID
600001,2025-05-26,0.9732458532555986,0.0004740762469530625,0.026280070497448193,0.17494419160231345,-0.19374754046313736,AVOID,0.5,-0.020310655347353018,AVOID
600001,2025-05-21,0.9747854896795509,0.00023635622486271215,0.02497815409558648,0.16492775970823573,-0.19396516603982325,AVOID,0.5,-0.02047387452986743,AVOID
300001,2025-03-18,0.9701534381081683,0.00027649638206096754,0.02957006550977072,0.20833737021426516,-0.19416537878622067,AVOID,0.5,-0.02062403408966551,AVOID
300001,2025-03-24,0.9718497840725692,0.0004613087029074956,0.027688907224523527,0.19294659641065467,-0.19428238139841286,AVOID,0.5,-0.020711786048809633,AVOID
000001,2025-02-17,0.9689420441486789,0.0004502480272175532,0.030607707824103554,0.2199534788427099,-0.1943583612371343,AVOID,0.5,-0.020768770927850733,AVOID
600001,2025-03-26,0.9682769041742136,0.00017367143808031866,0.03154942438770606,0.22989245441898676,-0.19456002920534718,AVOID,0.5,-0.020920021904010377,AVOID
600001,2025-02-20,0.9708626347714537,0.0003275099644735439,0.028809855264072665,0.20759942017639668,-0.19476557028707958,AVOID,0.5,-0.021074177715309672,AVOID
000001,2025-05-13,0.9589963190696371,0.003930028310951697,0.03707365261941099,0.2896501515487968,-0.1948127221352194,AVOID,0.5,-0.021109541601414566,AVOID
300001,2025-01-01,0.9940548888374587,0.00035752042111916716,0.005587590741421994,0.0,-0.19489966424849636,AVOID,0.5,-0.021174748186372272,AVOID
600001,2025-02-13,0.9692071351078035,0.0009568268425737627,0.029836038049622867,0.22057583325405994,-0.1950137837122307,AVOID,0.5,-0.021260337784173022,AVOID
000001,2025-05-07,0.9561660324794717,0.007874999506285769,0.03595896801424242,0.29119377768738175,-0.19518130665466288,AVOID,0.5,-0.021385979990997173,AVOID
600001,2025-02-12,0.9720619853788729,0.0010132483184446483,0.02692476630268241,0.19871949682293327,-0.19543701034619024,AVOID,0.5,-0.021577757759642685,AVOID
600001,2025-05-23,0.9773574953964181,0.00015144214783111785,0.022491062455750818,0.16306516762803908,-0.19603427212306196,AVOID,0.5,-0.022025704092296483,AVOID
000001,2025-05-01,0.964795667946318,0.0025354842061879996,0.032668847847493944,0.26246356015831523,-0.19633729611184939,AVOID,0.5,-0.022252972083887046,AVOID
600001,2025-07-08,0.9753501437006932,0.00021979766236732287,0.024430058636939502,0.18543212693169633,-0.19651220038745063,AVOID,0.5,-0.022384150290587962,AVOID
600001,2025-04-01,0.9668903233833718,0.0003116381298666904,0.032798038486761584,0.2722879605301084,-0.1976482337889521,AVOID,0.5,-0.02323617534171407,AVOID
600001,2025-05-19,0.9770513395395855,0.0002265562169915119,0.02272210424342309,0.18950687039980096,-0.19845548197750104,AVOID,0.5,-0.023841611483125774,AVOID
600001,2025-03-27,0.9710932994183706,0.0004825985774193284,0.028424102004210087,0.24134125595862277,-0.19845591407658938,AVOID,0.5,-0.023841935557442046,AVOID
300001,2025-06-26,0.972210825557295,0.0002954121072746011,0.027493762335430303,0.23532140724586809,-0.19872867220124463,AVOID,0.5,-0.024046504150933457,AVOID
600001,2025-02-11,0.9763306530498659,0.0006396058341516231,0.023029741115982483,0.19669848638778137,-0.1988151604675636,AVOID,0.5,-0.02411137035067268,AVOID
000001,2025-08-05,0.9762548490943268,0.0002529904867480915,0.023492160418925212,0.20160320190009923,-0.19896677771562765,AVOID,0.5,-0.02422508328672074,AVOID
000001,2025-07-30,0.9764741040751235,0.00019521117385658704,0.023330684751019928,0.20101259450596115,-0.19906460093990688,AVOID,0.5,-0.02429845070493017,AVOID
600001,2025-01-29,0.9771849911242713,0.001494639905499794,0.021320368970229056,0.18634587502529087,-0.19914732744822303,AVOID,0.5,-0.024360495586167263,AVOID
600001,2025-02-19,0.9763581146884336,0.0001458243940102146,0.023496060917556284,0.20546912212838772,-0.19937129250823613,AVOID,0.5,-0.024528469381177087,AVOID
600001,2025-05-20,0.9806767196217075,0.00018530102522202122,0.019137979353070395,0.1694357850924582,-0.19968233688643805,AVOID,0.5,-0.02476175266482855,AVOID
000001,2025-06-19,0.9760304427955531,0.00034637269902187826,0.023623184505424995,0.21709227773806847,-0.20037908717911998,AVOID,0.5,-0.025284315384339978,AVOID
300001,2025-02-26,0.9741459718050005,0.0048207045199383305,0.021033323675061256,0.20632224800513635,-0.20073809258897085,AVOID,0.5,-0.025553569441728152,AVOID
600001,2025-02-17,0.977735768765314,0.0001024027369628329,0.022161828497723225,0.20866950272783835,-0.2009008240774404,AVOID,0.5,-0.0256756180580803,AVOID
300001,2025-03-26,0.978614414813841,0.0009644691192677019,0.020421116066891135,0.19631226801620993,-0.20105932851756542,AVOID,0.5,-0.02579449638817405,AVOID
300001,2025-02-14,0.9593843746087604,0.019471424937007625,0.02114420045423184,0.24388934723120828,-0.20146486932691066,AVOID,0.5,-0.026098651995182992,AVOID
000001,2025-03-20,0.9835384756003166,0.00022776487496756442,0.01623375952471583,0.16189107375103443,-0.2015331708278657,AVOID,0.5,-0.026149878120899278,AVOID
600001,2025-01-22,0.9821280488319196,0.0015055040600766947,0.01636644710800362,0.16584515819757412,-0.2015536126105388,AVOID,0.5,-0.0261652094579041,AVOID
300001,2025-02-28,0.9796922257953945,0.0011926910795974337,0.019115083125008196,0.191110660136577,-0.20166895298523085,AVOID,0.5,-0.026251714738923126,AVOID
600001,2025-04-11,0.9709023176891581,0.0019473221736529239,0.027150360137188956,0.26678023979550053,-0.20185323542134942,AVOID,0.5,-0.02638992656601208,AVOID
300001,2025-08-01,0.9795615368589035,0.00013647761305265384,0.020301985528044016,0.2039814144449808,-0.20209905894664798,AVOID,0.5,-0.02657429420998597,AVOID
300001,2025-08-07,0.9785264358897627,0.0004085488174529753,0.021065015292784067,0.21289096131901808,-0.2022488726049055,AVOID,0.5,-0.026686654453679126,AVOID
600001,2025-04-10,0.9656676768994806,0.008325214086150006,0.026007109014369225,0.2757979150526904,-0.20250835057510672,AVOID,0.5,-0.02688126293133003,AVOID
000001,2025-02-14,0.9758661151349686,0.0003214150475162166,0.023812469817515093,0.24083854971382432,-0.2025883491261156,AVOID,0.5,-0.0269412618445867,AVOID
300001,2025-02-05,0.9790454256240438,0.0013066709329629133,0.019647903442993376,0.21235194131106275,-0.2032907468458197,AVOID,0.5,-0.027468060134364758,AVOID
300001,2025-02-06,0.9787871824810274,0.00029799880179292253,0.02091481871717976,0.22871828250947113,-0.20398889164512674,AVOID,0.5,-0.027991668733845065,AVOID
300001,2025-03-31,0.9806246396343872,0.00018823439237679684,0.019187125973236196,0.2159600674004625,-0.20428994648565835,AVOID,0.5,-0.02821745986424376,AVOID
300001,2025-04-25,0.9780844240913924,0.00043924260205447665,0.021476333306553005,0.23917248008124284,-0.20450069951181568,AVOID,0.5,-0.028375524633861754,AVOID
600001,2025-02-24,0.9818016428765552,0.00042304634993253667,0.017775310773512163,0.2066460152323515,-0.2045822125570877,AVOID,0.5,-0.028436659417815757,AVOID
000001,2025-08-04,0.9818637361147783,0.00015538615338876708,0.017980877731832795,0.2100626822666703,-0.20479240103733976,AVOID,0.5,-0.028594300778004816,AVOID
300001,2025-05-05,0.9563602292167874,0.027713748662004534,0.015926022121208108,0.24793449235185558,-0.20491727959369738,AVOID,0.5,-0.028687959695273046,AVOID
000001,2025-05-02,0.9755872246928678,0.000653317323962043,0.02375945798317023,0.26509867143835486,-0.20499569149418992,AVOID,0.5,-0.028746768620642432,AVOID
000001,2025-04-15,0.9787721464820271,0.0002224044953843264,0.021005449022588687,0.24115792915025663,-0.20516640789561902,AVOID,0.5,-0.028874805921714264,AVOID
000001,2025-06-02,0.9790006719612722,0.0011590068389846424,0.019840321199743233,0.234670247848271,-0.20537893433726126,AVOID,0.5,-0.029034200752945938,AVOID
000001,2025-04-28,0.9774537803435119,0.0007404527090784046,0.021805766947409797,0.2517322893444447,-0.20539994813996,AVOID,0.5,-0.02904996110496999,AVOID
000001,2025-03-25,0.9796455763850377,0.0008438296420260684,0.01951059397293614,0.231425327876983,-0.20541423228365052,AVOID,0.5,-0.02906067421273789,AVOID
000001,2025-06-23,0.980714732587701,0.0003033548195605438,0.01898191259273832,0.22582052295529734,-0.2054376599981531,AVOID,0.5,-0.029078244998614833,AVOID
000001,2025-08-06,0.9852361850678021,0.0001850105385617411,0.014578804393636105,0.18966091076521124,-0.20580816501453625,AVOID,0.5,-0.029356123760902186,AVOID
300001,2025-04-01,0.9824234996970309,0.0020423014936640504,0.015534198809305063,0.203183793430097,-0.20592914011590235,AVOID,0.5,-0.029446855086926765,AVOID
600001,2025-02-14,0.9831606588740045,0.00018591868173246026,0.016653422444262957,0.2110965157228163,-0.2060843876360985,AVOID,0.5,-0.029563290727073865,AVOID
300001,2025-05-13,0.9845635241707489,0.0004241208444389333,0.015012354984811996,0.1990492288959559,-0.206308979234377,AVOID,0.5,-0.029731734425782752,AVOID
000001,2025-02-28,0.9834661603299601,0.00019187218977912736,0.016341967480260646,0.2116352127115313,-0.20641737610096272,AVOID,0.5,-0.029813032075722057,AVOID
000001,2025-02-06,0.9839053934111212,0.0001539281294647384,0.01594067845941409,0.2083329721087998,-0.20645590097151437,AVOID,0.5,-0.029841925728635782,AVOID
600001,2025-05-22,0.9883737964715525,0.0002303498906316979,0.011395853637815872,0.16841091266294042,-0.20653875301413346,AVOID,0.5,-0.02990406476060009,AVOID
000001,2025-02-13,0.9807357729145424,0.00021055259269062583,0.01905367449276711,0.2386661808522617,-0.20667620052319768,AVOID,0.5,-0.030007150392398263,AVOID
000001,2025-08-08,0.9809702556544595,0.0002540055365828411,0.018775738808957578,0.2377140934951906,-0.20682244331414068,AVOID,0.5,-0.03011683248560551,AVOID
600001,2025-06-17,0.9830539509133163,0.0001267275556032826,0.016819321531080227,0.220331804560431,-0.2068704455669502,AVOID,0.5,-0.03015283417521264,AVOID
300001,2025-05-21,0.9821734584055923,0.0013364250562680725,0.016490116538139445,0.22023027941424167,-0.20691463804584503,AVOID,0.5,-0.03018597853438376,AVOID
300001,2025-04-02,0.9819947924616624,0.003962494506909088,0.014042713031428483,0.20605412230889258,-0.20717447160122182,AVOID,0.5,-0.030380853700916366,AVOID
300001,2025-03-19,0.9854376053026292,0.00025654795467799473,0.01430584674269284,0.20147465191631492,-0.20722089353227235,AVOID,0.5,-0.030415670149204266,AVOID
300001,2025-02-12,0.9743892328191643,0.006082999621021734,0.019527767559813836,0.2602685973736774,-0.20723526900933095,AVOID,0.5,-0.030426451756998207,AVOID
300001,2025-03-06,0.9833325760998274,0.0014333486885603941,0.015234075211612281,0.21269290276043673,-0.20727195284788055,AVOID,0.5,-0.030453964635910408,AVOID
600001,2025-03-28,0.9799657477891368,0.0004091269543283089,0.019625125256534866,0.2519603908111698,-0.20745160095936996,AVOID,0.5,-0.030588700719527462,AVOID
300001,2025-03-13,0.9840327059603592,0.00025535269926996434,0.015711941340370943,0.21733517649242878,-0.2075416999030551,AVOID,0.5,-0.030656274927291338,AVOID
000001,2025-03-03,0.9844737633135493,9.71944018856617e-05,0.015429042284564912,0.21482829848679566,-0.20757725291219398,AVOID,0.5,-0.030682939684145483,AVOID
000001,2025-05-14,0.9755256007839301,0.003982290021351448,0.02049210919471856,0.2751746244031179,-0.20827810616079484,AVOID,0.5,-0.031208579620596144,AVOID
000001,2025-07-08,0.9890472552593067,0.0009796883788309283,0.009973056361862305,0.18043218417228943,-0.20887153001578668,AVOID,0.5,-0.03165364751184002,AVOID
300001,2025-06-12,0.9818388049002874,0.0002767117956007999,0.017884483304111798,0.25035952384050525,-0.20888457505122976,AVOID,0.5,-0.031663431288422306,AVOID
300001,2025-08-04,0.988186618589226,0.00016716026522114576,0.011646221145552837,0.19508912632362074,-0.2089938815483203,AVOID,0.5,-0.03174541116124022,AVOID
000001,2025-08-01,0.9861706947965583,0.00016810762332402892,0.013661197580117648,0.21757246494941102,-0.2094285471481704,AVOID,0.5,-0.03207141036112782,AVOID
300001,2025-02-11,0.9804114946708621,0.0008359350919998305,0.018752570237138083,0.26629483747335175,-0.20958498351551094,AVOID,0.5,-0.03218873763663321,AVOID
000001,2025-07-03,0.9906289627485696,0.00011437200404573029,0.009256665247384804,0.1795150784105952,-0.20959763471760412,AVOID,0.5,-0.032198226038203104,AVOID
600001,2025-02-27,0.9860539139347558,0.0005857788236352758,0.013360307241608832,0.21810229907071463,-0.20966879762489646,AVOID,0.5,-0.03225159821867235,AVOID
300001,2025-04-24,0.9827153275785914,0.00015742419863491242,0.017127248222773735,0.2585665548037363,-0.21041064724015032,AVOID,0.5,-0.032807985430112735,AVOID
300001,2025-02-17,0.9829360233996963,0.003339469717273334,0.013724506883030396,0.2364499175603062,-0.21062504161784865,AVOID,0.5,-0.03296878121338648,AVOID
600001,2025-07-28,0.9888858166641887,0.0009648107174726862,0.01014937261833859,0.2003023515078723,-0.21070283765078798,AVOID,0.5,-0.03302712823809098,AVOID
300001,2025-04-30,0.9835332260908267,0.001011545664152417,0.01545522824502066,0.2535741483863702,-0.2112454002852879,AVOID,0.5,-0.03343405021396592,AVOID
600001,2025-02-26,0.9901821342218505,0.0003125563685153674,0.009505309409634047,0.20089980347928715,-0.211472690605555,AVOID,0.5,-0.033604517954166246,AVOID
600001,2025-07-02,0.9915226180016219,0.0001406612516177436,0.008336720746760288,0.19182329193299008,-0.2116511482708912,AVOID,0.5,-0.03373836120316842,AVOID
000001,2025-03-31,0.9814221728610818,0.0015543438060056944,0.017023483332912627,0.27823914425595314,-0.21219191066477283,AVOID,0.5,-0.034143932998579624,AVOID
300001,2025-08-06,0.9911222861772886,0.00023249148042681596,0.008645222342284419,0.20372950194179335,-0.21254575179003798,AVOID,0.5,-0.03440931384252849,AVOID
000001,2025-03-26,0.986665145292027,0.0007620964112394413,0.012572758296733662,0.2405904080952147,-0.21259113906021332,AVOID,0.5,-0.03444335429515999,AVOID
000001,2025-04-09,0.9834273114280498,0.0005432770370681004,0.01602941153488194,0.27493942282306966,-0.2129588164934996,AVOID,0.5,-0.034719112370124705,AVOID
000001,2025-02-11,0.9896327764320316,0.00016544264215509255,0.01020178092581327,0.22581842725260357,-0.2133671513635974,AVOID,0.5,-0.035025363522698055,AVOID
600001,2025-03-25,0.9889814475532342,0.00011780904277765387,0.010900743403987997,0.2344203997533512,-0.21360780910319038,AVOID,0.5,-0.0352058568273928,AVOID
000001,2025-05-05,0.9841747858596612,0.0005028721678300303,0.015322341972508629,0.2755342735609677,-0.213662745147273,AVOID,0.5,-0.03524705886045473,AVOID
300001,2025-02-18,0.9803060367091129,0.013267282437909374,0.006426680852977805,0.22181097824013213,-0.21374362856875134,AVOID,0.5,-0.03530772142656352,AVOID
000001,2025-04-30,0.9872992049789528,0.00034579578491407225,0.012354999236132973,0.2559934710298422,-0.21441068863348173,AVOID,0.5,-0.03580801647511128,AVOID
600001,2025-04-08,0.9857124524068869,0.0002459125836678907,0.014041635009445058,0.27647522708524175,-0.21496086868329,AVOID,0.5,-0.036220651512467505,AVOID
600001,2025-02-18,0.9952902271041515,6.029885315439165e-05,0.004649474042694196,0.1952300216590547,-0.21532641575684983,AVOID,0.5,-0.03649481181763736,AVOID
300001,2025-04-29,0.9893540452866686,0.00039188838741123565,0.010254066325920252,0.2468759396069397,-0.21538055658988353,AVOID,0.5,-0.03653541744241265,AVOID
000001,2025-03-24,0.9956198216967654,8.489353126988407e-05,0.004295284771964697,0.1975167799893018,-0.215868942997908,AVOID,0.5,-0.036901707248431004,AVOID
300001,2025-02-04,0.9944705133006997,0.0002596349133452448,0.0052698517859551385,0.20785033082396698,-0.21599023949236806,AVOID,0.5,-0.03699267961927605,AVOID
000001,2025-04-08,0.9856519887022794,0.001640870685679206,0.012707140612041356,0.28071727434369803,-0.21630712674639677,AVOID,0.5,-0.03723034505979758,AVOID
300001,2025-04-28,0.9908313274774379,0.00032389016879221313,0.008844782353770108,0.2436099073305148,-0.2163359085809,AVOID,0.5,-0.037251931435674984,AVOID
000001,2025-02-12,0.9917832686781064,0.00010408851973490526,0.008112642802158749,0.23727020854769898,-0.21640482462888005,AVOID,0.5,-0.03730361847166003,AVOID
600001,2025-04-09,0.9866307446295532,0.003537491686547444,0.009831763683899328,0.26181241507390063,-0.2166251558545712,AVOID,0.5,-0.037468866890928404,AVOID
000001,2025-04-29,0.9895394481534066,0.00017623504893027583,0.010284316797663154,0.2611384146793311,-0.21682270934025022,AVOID,0.5,-0.03761703200518768,AVOID
000001,2025-04-07,0.9854565886025182,0.0021065763869212092,0.012436835010560752,0.29113319324073295,-0.2174988525371844,AVOID,0.5,-0.03812413940288831,AVOID
600001,2025-04-07,0.9888484302773781,0.0012409600300902928,0.009910609692531451,0.27406022651586004,-0.2182382819222896,AVOID,0.5,-0.038678711441717195,AVOID
300001,2025-02-07,0.9927848926123043,0.0004693103832646979,0.0067457970044308355,0.25647375265266253,-0.21948229588462553,AVOID,0.5,-0.03961172191346915,AVOID
300001,2025-05-01,0.9929724611206701,0.002984195687696366,0.004043343191633633,0.255560912564642,-0.22132024324645466,AVOID,0.5,-0.04099018243484098,AVOID
300001,2025-06-24,0.9540435883154331,0.0003235415088606307,0.04563287017570622,0.24490130326189063,-0.18335583886628135,AVOID,0.2948697939914529,-0.06379943065184777,AVOID
