task,code,start,end,status,rows,error,updated_at
daily,000607,20230101,20251231,failed,0,"RuntimeError(""all providers failed: AkShareProvider: ConnectionError(ProtocolError('Connection aborted.', RemoteDisconnected('Remote end closed connection without response'))) | BaoStockProvider: empty"")",2026-06-25T15:23:43
daily,000608,20230101,20251231,failed,0,"RuntimeError(""all providers failed: AkShareProvider: ConnectionError(ProtocolError('Connection aborted.', RemoteDisconnected('Remote end closed connection without response'))) | BaoStockProvider: empty"")",2026-06-25T15:23:51
daily,000609,20230101,20251231,failed,0,RuntimeError('all providers failed: AkShareProvider: empty | BaoStockProvider: empty'),2026-06-25T15:23:59
daily,000610,20230101,20251231,failed,0,"RuntimeError(""all providers failed: AkShareProvider: ConnectionError(ProtocolError('Connection aborted.', RemoteDisconnected('Remote end closed connection without response'))) | BaoStockProvider: empty"")",2026-06-25T15:24:08
daily,000615,20230101,20251231,failed,0,"RuntimeError(""all providers failed: AkShareProvider: ConnectionError(ProtocolError('Connection aborted.', RemoteDisconnected('Remote end closed connection without response'))) | BaoStockProvider: empty"")",2026-06-25T15:24:23
daily,000617,20230101,20251231,failed,0,"RuntimeError(""all providers failed: AkShareProvider: ConnectionError(ProtocolError('Connection aborted.', RemoteDisconnected('Remote end closed connection without response'))) | BaoStockProvider: empty"")",2026-06-25T15:24:30
daily,000619,20230101,20251231,failed,0,"RuntimeError(""all providers failed: AkShareProvider: ConnectionError(ProtocolError('Connection aborted.', RemoteDisconnected('Remote end closed connection without response'))) | BaoStockProvider: empty"")",2026-06-25T15:24:37
daily,000620,20230101,20251231,failed,0,"RuntimeError(""all providers failed: AkShareProvider: ConnectionError(ProtocolError('Connection aborted.', RemoteDisconnected('Remote end closed connection without response'))) | BaoStockProvider: empty"")",2026-06-25T15:24:45
daily,000623,20230101,20251231,failed,0,"RuntimeError(""all providers failed: AkShareProvider: ConnectionError(ProtocolError('Connection aborted.', RemoteDisconnected('Remote end closed connection without response'))) | BaoStockProvider: empty"")",2026-06-25T15:24:54
daily,000625,20230101,20251231,failed,0,"RuntimeError(""all providers failed: AkShareProvider: ConnectionError(ProtocolError('Connection aborted.', RemoteDisconnected('Remote end closed connection without response'))) | BaoStockProvider: empty"")",2026-06-25T15:25:01
daily,000626,20230101,20251231,failed,0,"RuntimeError(""all providers failed: AkShareProvider: ConnectionError(ProtocolError('Connection aborted.', RemoteDisconnected('Remote end closed connection without response'))) | BaoStockProvider: empty"")",2026-06-25T15:25:07
daily,000628,20230101,20251231,failed,0,"RuntimeError(""all providers failed: AkShareProvider: ConnectionError(ProtocolError('Connection aborted.', RemoteDisconnected('Remote end closed connection without response'))) | BaoStockProvider: empty"")",2026-06-25T15:25:14
daily,000629,20230101,20251231,failed,0,"RuntimeError(""all providers failed: AkShareProvider: ConnectionError(ProtocolError('Connection aborted.', RemoteDisconnected('Remote end closed connection without response'))) | BaoStockProvider: empty"")",2026-06-25T15:25:20
daily,000630,20230101,20251231,failed,0,"RuntimeError(""all providers failed: AkShareProvider: ConnectionError(ProtocolError('Connection aborted.', RemoteDisconnected('Remote end closed connection without response'))) | BaoStockProvider: empty"")",2026-06-25T15:25:26
daily,000631,20230101,20251231,failed,0,"RuntimeError(""all providers failed: AkShareProvider: ConnectionError(ProtocolError('Connection aborted.', RemoteDisconnected('Remote end closed connection without response'))) | BaoStockProvider: empty"")",2026-06-25T15:25:33
daily,000632,20230101,20251231,failed,0,"RuntimeError(""all providers failed: AkShareProvider: ConnectionError(ProtocolError('Connection aborted.', RemoteDisconnected('Remote end closed connection without response'))) | BaoStockProvider: empty"")",2026-06-25T15:25:40
daily,000633,20230101,20251231,failed,0,"RuntimeError(""all providers failed: AkShareProvider: ConnectionError(ProtocolError('Connection aborted.', RemoteDisconnected('Remote end closed connection without response'))) | BaoStockProvider: empty"")",2026-06-25T15:25:49
daily,000635,20230101,20251231,failed,0,"RuntimeError(""all providers failed: AkShareProvider: ConnectionError(ProtocolError('Connection aborted.', RemoteDisconnected('Remote end closed connection without response'))) | BaoStockProvider: empty"")",2026-06-25T15:25:58
daily,000636,20230101,20251231,failed,0,"RuntimeError(""all providers failed: AkShareProvider: ConnectionError(ProtocolError('Connection aborted.', RemoteDisconnected('Remote end closed connection without response'))) | BaoStockProvider: empty"")",2026-06-25T15:26:06
daily,000637,20230101,20251231,failed,0,"RuntimeError(""all providers failed: AkShareProvider: ConnectionError(ProtocolError('Connection aborted.', RemoteDisconnected('Remote end closed connection without response'))) | BaoStockProvider: empty"")",2026-06-25T15:26:14
daily,000639,20230101,20251231,failed,0,"RuntimeError(""all providers failed: AkShareProvider: ConnectionError(ProtocolError('Connection aborted.', RemoteDisconnected('Remote end closed connection without response'))) | BaoStockProvider: empty"")",2026-06-25T15:26:24
daily,000650,20230101,20251231,failed,0,"RuntimeError(""all providers failed: AkShareProvider: ConnectionError(ProtocolError('Connection aborted.', RemoteDisconnected('Remote end closed connection without response'))) | BaoStockProvider: empty"")",2026-06-25T15:26:31
daily,000651,20230101,20251231,failed,0,"RuntimeError(""all providers failed: AkShareProvider: ConnectionError(ProtocolError('Connection aborted.', RemoteDisconnected('Remote end closed connection without response'))) | BaoStockProvider: empty"")",2026-06-25T15:26:38
daily,000652,20230101,20251231,failed,0,"RuntimeError(""all providers failed: AkShareProvider: ConnectionError(ProtocolError('Connection aborted.', RemoteDisconnected('Remote end closed connection without response'))) | BaoStockProvider: empty"")",2026-06-25T15:26:45
daily,000655,20230101,20251231,failed,0,"RuntimeError(""all providers failed: AkShareProvider: ConnectionError(ProtocolError('Connection aborted.', RemoteDisconnected('Remote end closed connection without response'))) | BaoStockProvider: empty"")",2026-06-25T15:26:55
daily,000656,20230101,20251231,failed,0,"RuntimeError(""all providers failed: AkShareProvider: ConnectionError(ProtocolError('Connection aborted.', RemoteDisconnected('Remote end closed connection without response'))) | BaoStockProvider: empty"")",2026-06-25T15:27:03
daily,000657,20230101,20251231,failed,0,RuntimeError('all providers failed: AkShareProvider: empty | BaoStockProvider: empty'),2026-06-25T15:27:11
daily,000659,20230101,20251231,failed,0,"RuntimeError(""all providers failed: AkShareProvider: ConnectionError(ProtocolError('Connection aborted.', RemoteDisconnected('Remote end closed connection without response'))) | BaoStockProvider: empty"")",2026-06-25T15:27:19
daily,000661,20230101,20251231,failed,0,"RuntimeError(""all providers failed: AkShareProvider: ConnectionError(ProtocolError('Connection aborted.', RemoteDisconnected('Remote end closed connection without response'))) | BaoStockProvider: empty"")",2026-06-25T15:27:28
daily,000663,20230101,20251231,failed,0,"RuntimeError(""all providers failed: AkShareProvider: ConnectionError(ProtocolError('Connection aborted.', RemoteDisconnected('Remote end closed connection without response'))) | BaoStockProvider: empty"")",2026-06-25T15:27:36
daily,000665,20230101,20251231,failed,0,"RuntimeError(""all providers failed: AkShareProvider: ConnectionError(ProtocolError('Connection aborted.', RemoteDisconnected('Remote end closed connection without response'))) | BaoStockProvider: empty"")",2026-06-25T15:27:44
daily,000668,20230101,20251231,failed,0,"RuntimeError(""all providers failed: AkShareProvider: ConnectionError(ProtocolError('Connection aborted.', RemoteDisconnected('Remote end closed connection without response'))) | BaoStockProvider: empty"")",2026-06-25T15:27:55
daily,000669,20230101,20251231,failed,0,"RuntimeError(""all providers failed: AkShareProvider: ConnectionError(ProtocolError('Connection aborted.', RemoteDisconnected('Remote end closed connection without response'))) | BaoStockProvider: empty"")",2026-06-25T15:28:02
