date,code,open,high,low,close,volume,amount,turnover_rate,pct_chg,isST
2023-01-03,000529,8.01075132,8.29084752,7.85203014,8.06677056,59540308,514324849.63,10.4478,-1.4823,0
2023-01-04,000529,7.97340516,8.4962514,7.89871284,8.36553984,70851436,629215760.18,12.4326,3.7037,0
2023-01-05,000529,8.24416482,8.28151098,7.76800128,7.936059,55529640,473758063.07,9.744,-5.1339,0
2023-01-06,000529,7.8426936,7.936059,7.68397242,7.86136668,33494976,280822572.1,5.8775,-0.9412,0
2023-01-09,000529,7.7493282,7.96406862,7.61861664,7.81468398,33884414,282406299.1,5.9458,-0.5938,0
2023-01-10,000529,7.72131858,7.87070322,7.63728972,7.85203014,28908372,239924948.13,5.0727,0.4779,0
2023-01-11,000529,7.81468398,7.81468398,7.48790508,7.50657816,31147642,254871422.47,5.4656,-4.3995,0
2023-01-12,000529,7.469232,7.71198204,7.469232,7.50657816,23092706,187045556.93,4.0522,0.0,0
2023-01-13,000529,7.64662626,7.95473208,7.58127048,7.90804938,53334958,445843864.67,9.3589,5.3483,0
2023-01-16,000529,7.75866474,8.33753022,7.7026455,8.1227898,52102004,443989251.4,9.1426,2.7155,0
2023-01-17,000529,7.95473208,8.08544364,7.7960109,7.8426936,31071423,263126131.42,5.4522,-3.4483,0
2023-01-18,000529,7.81468398,7.81468398,7.5625974,7.58127048,25260200,206807650.0,4.4325,-3.3333,0
2023-01-19,000529,7.55326086,7.63728972,7.52525124,7.54392432,17237646,139537565.16,3.0248,-0.4926,0
2023-01-20,000529,7.55326086,7.6092801,7.53458778,7.57193394,13576600,110034029.0,2.3823,0.3713,0
2023-01-30,000529,7.64662626,7.86136668,7.57193394,7.77733782,26292028,216638536.03,4.6136,2.7127,0
2023-01-31,000529,7.7026455,7.8426936,7.67463588,7.78667436,18309897,152145237.22,3.2129,0.12,0
2023-02-01,000529,7.75866474,7.8426936,7.7026455,7.8426936,20567777,171665968.43,3.6091,0.7194,0
2023-02-02,000529,7.8426936,8.01075132,7.77733782,7.9827417,31583141,267523914.28,5.542,1.7857,0
2023-02-03,000529,8.00141478,8.08544364,7.85203014,7.94539554,27382725,233390753.99,4.805,-0.4678,0
2023-02-06,000529,7.87070322,7.8893763,7.71198204,7.76800128,16439080,136953459.97,2.8846,-2.2327,0
2023-02-07,000529,7.77733782,8.03876094,7.76800128,7.91738592,23764128,201999305.29,4.17,1.9231,0
2023-02-08,000529,7.89871284,7.94539554,7.64662626,7.6559628,22850330,189070770.7,4.0096,-3.3019,0
2023-02-09,000529,7.62795318,7.7026455,7.59060702,7.69330896,12303768,101112146.41,2.159,0.4878,0
2023-02-10,000529,7.69330896,7.75866474,7.6559628,7.69330896,11236966,92739867.7,1.9718,0.0,0
2023-02-13,000529,7.69330896,7.80534744,7.66529934,7.7493282,13933151,115098171.23,2.4449,0.7282,0
2023-02-14,000529,7.80534744,7.90804938,7.71198204,7.73065512,15810741,131838493.4,2.7744,-0.241,0
2023-02-15,000529,7.73999166,7.86136668,7.72131858,7.78667436,16054900,133883427.53,2.8172,0.7246,0
2023-02-16,000529,7.81468398,8.38421292,7.76800128,8.08544364,57203417,495160398.06,10.0377,3.8369,0
2023-02-17,000529,8.10411672,8.65497258,8.0294244,8.5429341,63255599,570374524.03,11.0997,5.6582,0
2023-02-20,000529,8.55227064,8.57094372,8.09478018,8.3562033,41056413,363297855.29,7.2043,-2.1858,0
2023-02-21,000529,8.31885714,8.33753022,8.16013596,8.24416482,27497857,241927091.41,4.8252,-1.3408,0
2023-02-22,000529,8.1694725,8.23482828,8.08544364,8.2161552,16319521,142872355.88,2.8637,-0.3398,0
2023-02-23,000529,8.19748212,8.27217444,8.10411672,8.11345326,17155097,150185161.13,3.0103,-1.25,0
2023-02-24,000529,8.13212634,8.2628379,8.09478018,8.1694725,14838447,130102445.16,2.6038,0.6904,0
2023-02-27,000529,8.20681866,8.29084752,7.8426936,7.86136668,23150055,198446456.37,4.0622,-3.7714,0
2023-02-28,000529,7.85203014,7.90804938,7.73065512,7.88003976,13435622,112484282.43,2.3576,0.2375,0
2023-03-01,000529,7.85203014,7.89871284,7.78667436,7.8893763,11309298,95008169.86,1.9845,0.1185,0
2023-03-02,000529,7.89871284,7.89871284,7.81468398,7.87070322,10166501,85417206.76,1.784,-0.2367,0
2023-03-03,000529,7.8893763,7.91738592,7.76800128,7.8426936,10740171,90158313.74,1.8846,-0.3559,0
2023-03-06,000529,7.87070322,8.1694725,7.7960109,8.1694725,29050325,250297082.87,5.0976,4.1667,0
2023-03-07,000529,8.1694725,8.1694725,7.8426936,7.85203014,20181749,172449021.79,3.5414,-3.8857,0
2023-03-08,000529,7.82402052,7.88003976,7.75866474,7.80534744,10233107,85529465.89,1.7956,-0.5945,0
2023-03-09,000529,7.7960109,7.82402052,7.71198204,7.73999166,7973918,66256840.82,1.3992,-0.8373,0
2023-03-10,000529,7.71198204,7.7493282,7.48790508,7.50657816,12223032,99214106.58,2.1448,-3.0157,0
2023-03-13,000529,7.48790508,7.49724162,7.2825012,7.45055892,11102693,87913356.35,1.9482,-0.7463,0
2023-03-14,000529,7.45055892,7.63728972,7.43188584,7.52525124,11098369,89775683.33,1.9475,1.0025,0
2023-03-15,000529,7.53458778,7.62795318,7.5159147,7.59060702,7478922,60558953.2,1.3124,0.8685,0
2023-03-16,000529,7.5159147,7.5159147,7.35719352,7.35719352,7735822,61427515.9,1.3574,-3.075,0
2023-03-17,000529,7.41321276,7.44122238,7.3291839,7.35719352,7244000,57343568.0,1.2711,0.0,0
2023-03-20,000529,7.41321276,7.62795318,7.21714542,7.52525124,14439910,115134170.9,2.5338,2.2843,0
2023-03-21,000529,7.47856854,7.55326086,7.45989546,7.54392432,6619300,53275814.0,1.1615,0.2481,0
2023-03-22,000529,7.53458778,7.6092801,7.48790508,7.59994356,7412315,60137249.03,1.3007,0.7426,0
2023-03-23,000529,7.5625974,7.57193394,7.469232,7.50657816,7429713,59783729.61,1.3037,-1.2285,0
2023-03-24,000529,7.52525124,7.57193394,7.47856854,7.5159147,6016456,48482918.3,1.0557,0.1244,0
2023-03-27,000529,7.5159147,7.5625974,7.38520314,7.5625974,8402590,67275192.1,1.4744,0.6211,0
2023-03-28,000529,7.57193394,7.69330896,7.50657816,7.59060702,11689203,95369992.89,2.0512,0.3704,0
2023-03-29,000529,7.59060702,7.62795318,7.38520314,7.40387622,9486400,75757327.02,1.6646,-2.46,0
2023-03-30,000529,7.4225493,7.48790508,7.31051082,7.43188584,7697643,60935291.48,1.3507,0.3783,0
2023-03-31,000529,7.43188584,7.7026455,7.43188584,7.61861664,14189464,115854263.54,2.4899,2.5126,0
2023-04-03,000529,7.55326086,7.76800128,7.55326086,7.71198204,11765716,96825003.84,2.0646,1.2255,0
2023-04-04,000529,7.71198204,7.85203014,7.61861664,7.64662626,12473950,103309725.66,2.1889,-0.8475,0
2023-04-06,000529,7.59060702,7.64662626,7.40387622,7.45055892,10993856,88101313.88,1.9291,-2.5641,0
2023-04-07,000529,7.45989546,7.47856854,7.3758666,7.4225493,7353041,58379225.79,1.2903,-0.3759,0
2023-04-10,000529,7.4225493,7.469232,7.29183774,7.31984736,7965200,62784640.0,1.3977,-1.3836,0
2023-04-11,000529,7.30117428,7.39453968,7.22648196,7.35719352,5945101,46650418.49,1.0432,0.5102,0
2023-04-12,000529,7.36653006,7.5625974,7.34785698,7.55326086,11490415,92016734.98,2.0163,2.665,0
2023-04-13,000529,7.55326086,7.7960109,7.5159147,7.72131858,18140627,149576289.24,3.1832,2.225,0
2023-04-14,000529,7.69330896,7.7026455,7.4225493,7.45055892,15829177,127538735.89,2.7776,-3.5067,0
2023-04-17,000529,7.41321276,7.45989546,7.3291839,7.45989546,10307482,81591691.54,1.8087,0.1253,0
2023-04-18,000529,7.43188584,7.45055892,7.34785698,7.36653006,6098214,48247408.46,1.0701,-1.2516,0
2023-04-19,000529,7.35719352,7.47856854,7.34785698,7.39453968,7282420,57832696.0,1.2779,0.3802,0
2023-04-20,000529,7.38520314,7.52525124,7.3291839,7.5159147,9304571,73988121.3,1.6327,1.6414,0
2023-04-21,000529,7.49724162,7.6092801,7.27316466,7.2825012,10480801,83198985.07,1.8391,-3.1056,0
2023-04-24,000529,7.26382812,7.44122238,7.15178964,7.38520314,8854060,69449881.4,1.5537,1.4103,0
2023-04-25,000529,7.38520314,7.44122238,7.17979926,7.36653006,8415870,65835240.2,1.4768,-0.2528,0
2023-04-26,000529,7.3291839,7.5625974,7.27316466,7.5159147,9728822,77656120.48,1.7072,2.0279,0
2023-04-27,000529,7.53458778,7.6559628,7.43188584,7.52525124,13369547,107945436.78,2.346,0.1242,0
2023-04-28,000529,7.17046272,7.17046272,6.7689915,6.77832804,34175317,249236017.54,5.9969,-9.9256,0
2023-05-04,000529,6.63827994,6.85302036,6.60093378,6.85302036,20486625,147281472.23,3.5949,1.1019,0
2023-05-05,000529,6.99306846,7.0957704,6.66628956,6.73164534,15715062,114837119.88,2.7576,-1.7711,0
2023-05-08,000529,6.6289434,6.69429918,6.55425108,6.56358762,13058063,92245066.47,2.2914,-2.4965,0
2023-05-09,000529,6.56358762,6.57292416,6.46088568,6.47022222,9617364,67080250.1,1.6876,-1.4225,0
2023-05-10,000529,6.47955876,6.50756838,6.36752028,6.42353952,7081201,48723947.63,1.2426,-0.7215,0
2023-05-11,000529,6.41420298,6.60093378,6.37685682,6.55425108,8981200,62794127.0,1.576,2.0349,0
2023-05-12,000529,6.51690492,6.55425108,6.42353952,6.43287606,6109129,42360759.97,1.072,-1.8519,0
2023-05-15,000529,6.45154914,6.45154914,6.29282796,6.43287606,6052905,41348632.9,1.0621,0.0,0
2023-05-16,000529,6.4422126,6.45154914,6.32083758,6.33951066,4900408,33530004.89,0.8599,-1.4514,0
2023-05-17,000529,6.3021645,6.38619336,6.27415488,6.38619336,3757320,25493809.6,0.6593,0.7364,0
2023-05-18,000529,6.37685682,6.41420298,6.32083758,6.33951066,4778132,32572697.76,0.8384,-0.731,0
2023-05-19,000529,6.33951066,6.38619336,6.26481834,6.37685682,4357419,29583410.01,0.7646,0.5891,0
2023-05-22,000529,6.36752028,6.43287606,6.33951066,6.43287606,4541846,31084697.02,0.797,0.8785,0
2023-05-23,000529,6.4422126,6.4422126,6.3488472,6.3488472,3806800,26047434.99,0.668,-1.3062,0
2023-05-24,000529,6.32083758,6.33017412,6.23680872,6.29282796,3851385,25913276.24,0.6758,-0.8824,0
2023-05-25,000529,6.2554818,6.28349142,6.08742408,6.18078948,7872000,51972836.0,1.3813,-1.7804,0
2023-05-26,000529,6.14344332,6.19012602,6.05007792,6.14344332,4524454,29627684.02,0.7939,-0.6042,0
2023-05-29,000529,6.1621164,6.18078948,6.03140484,6.07808754,4385405,28575670.15,0.7695,-1.0638,0
2023-05-30,000529,6.05941446,6.1154337,5.99405868,6.10609716,3612744,23453493.6,0.6339,0.4608,0
2023-05-31,000529,6.08742408,6.12477024,6.068751,6.09676062,2678064,17489682.28,0.4699,-0.1529,0
2023-06-01,000529,6.1154337,6.29282796,6.05941446,6.24614526,6658281,44195317.89,1.1684,2.4502,0
2023-06-02,000529,6.23680872,6.28349142,6.21813564,6.27415488,3623301,24306046.72,0.6358,0.4484,0
2023-06-05,000529,6.23680872,6.32083758,6.2087991,6.3021645,3897512,26239606.18,0.6839,0.4464,0
2023-06-06,000529,6.29282796,6.31150104,6.1621164,6.18078948,3799380,25354697.4,0.6667,-1.9259,0
2023-06-07,000529,6.17145294,6.2554818,6.1621164,6.22747218,3602700,23999434.0,0.6322,0.7553,0
2023-06-08,000529,6.21813564,6.40486644,6.18078948,6.28349142,6346418,42867488.36,1.1136,0.8996,0
2023-06-09,000529,6.26481834,6.3488472,6.23680872,6.32083758,5835471,39447845.46,1.024,0.5944,0
2023-06-12,000529,6.3021645,6.33951066,6.21813564,6.31150104,4445600,29891996.0,0.7801,-0.1477,0
2023-06-13,000529,6.29282796,6.35818374,6.27415488,6.29282796,3623510,24486756.14,0.6358,-0.2959,0
2023-06-14,000529,6.29282796,6.37685682,6.27415488,6.31150104,4270560,28876102.6,0.7494,0.2967,0
2023-06-15,000529,6.31150104,6.31150104,6.19946256,6.23680872,4160300,27777852.0,0.73,-1.1834,0
2023-06-16,000529,6.23680872,6.33951066,6.19946256,6.32083758,4897900,33057378.0,0.8595,1.3473,0
2023-06-19,000529,6.3021645,6.35818374,6.22747218,6.22747218,4265701,28736732.78,0.7485,-1.4771,0
2023-06-20,000529,6.22747218,6.24614526,6.08742408,6.10609716,4688800,30850089.0,0.8228,-1.949,0
2023-06-21,000529,6.10609716,6.13410678,5.95671252,5.96604906,5104710,32915702.9,0.8957,-2.2936,0
2023-06-26,000529,5.96604906,5.9753856,5.81666442,5.8353375,4198510,26397880.9,0.7367,-2.1909,0
2023-06-27,000529,5.85401058,6.00339522,5.85401058,6.00339522,3631620,23212117.9,0.6373,2.88,0
2023-06-28,000529,6.01273176,6.01273176,5.87268366,5.96604906,3388152,21542138.15,0.5945,-0.6221,0
2023-06-29,000529,5.9756125,6.0712223,5.96605152,5.99473446,3694372,23229020.72,0.6483,0.4808,0
2023-06-30,000529,5.9756125,6.09990524,5.9756125,6.08078328,4121691,26119328.55,0.7233,1.4354,0
2023-07-03,000529,6.1190272,6.12858818,6.04253936,6.09990524,3611322,22979779.7,0.6337,0.3145,0
2023-07-04,000529,6.12858818,6.12858818,6.05210034,6.08078328,3514390,22318912.6,0.6167,-0.3135,0
2023-07-05,000529,6.09990524,6.09990524,6.03297838,6.05210034,3058086,19383908.58,0.5366,-0.4717,0
2023-07-06,000529,6.05210034,6.18595406,6.04253936,6.09034426,4216166,26874778.76,0.7398,0.6319,0
2023-07-07,000529,6.05210034,6.214637,6.00429544,6.1190272,5056600,32359063.0,0.8873,0.471,0
2023-07-10,000529,6.14771014,6.19551504,6.1190272,6.14771014,3031250,19508743.5,0.5319,0.4688,0
2023-07-11,000529,6.15727112,6.17639308,6.1190272,6.17639308,2712470,17463203.7,0.476,0.4666,0
2023-07-12,000529,6.18595406,6.19551504,6.09034426,6.09990524,3872921,24887296.27,0.6796,-1.2384,0
2023-07-13,000529,6.09990524,6.20507602,6.09990524,6.19551504,4577970,29524940.2,0.8033,1.5674,0
2023-07-14,000529,6.19551504,6.19551504,6.09990524,6.13814916,3509325,22547281.45,0.6158,-0.9259,0
2023-07-17,000529,6.1190272,6.15727112,6.04253936,6.12858818,2819161,18015323.62,0.4947,-0.1558,0
2023-07-18,000529,6.14771014,6.19551504,6.09034426,6.15727112,3181411,20466112.62,0.5583,0.468,0
2023-07-19,000529,6.14771014,6.20507602,6.14771014,6.19551504,3177760,20539547.2,0.5576,0.6211,0
2023-07-20,000529,6.19551504,6.214637,6.13814916,6.15727112,3311350,21396572.85,0.5811,-0.6173,0
2023-07-21,000529,6.13814916,6.25288092,6.12858818,6.24331994,5877296,38265580.96,1.0313,1.3975,0
2023-07-24,000529,6.23375896,6.28156386,6.17639308,6.23375896,4803580,31237809.4,0.8429,-0.1531,0
2023-07-25,000529,6.24331994,6.28156386,6.22419798,6.28156386,4358200,28509882.0,0.7648,0.7669,0
2023-07-26,000529,6.28156386,6.30068582,6.25288092,6.28156386,3411500,22395831.0,0.5986,0.0,0
2023-07-27,000529,6.2624419,6.32936876,6.2624419,6.28156386,4294387,28299586.2,0.7536,0.0,0
2023-07-28,000529,6.30068582,6.4058566,6.27200288,6.4058566,5745169,38090632.4,1.0081,1.9787,0
2023-07-31,000529,6.4058566,6.53014934,6.37717366,6.53014934,10185870,68871731.84,1.7874,1.9403,0
2023-08-01,000529,6.52058836,6.55883228,6.41541758,6.46322248,6710716,45410528.84,1.1776,-1.0249,0
2023-08-02,000529,6.46322248,6.48234444,6.38673464,6.41541758,5975773,40113393.32,1.0486,-0.7396,0
2023-08-03,000529,6.41541758,6.53971032,6.36761268,6.53014934,6687111,45352457.71,1.1734,1.7884,0
2023-08-04,000529,6.53971032,6.55883228,6.4058566,6.41541758,6120000,41422787.0,1.0739,-1.757,0
2023-08-07,000529,6.43453954,6.49190542,6.41541758,6.43453954,4546300,30650949.0,0.7978,0.2981,0
2023-08-08,000529,6.42497856,6.53971032,6.36761268,6.51102738,6479790,43787737.8,1.137,1.1887,0
2023-08-09,000529,6.48234444,6.52058836,6.36761268,6.38673464,4706716,31651306.56,0.8259,-1.909,0
2023-08-10,000529,6.37717366,6.48234444,6.37717366,6.44410052,3393501,22806363.73,0.5955,0.8982,0
2023-08-11,000529,6.44410052,6.48234444,6.37717366,6.44410052,5139141,34543809.73,0.9018,0.0,0
2023-08-14,000529,6.38673464,6.52058836,6.34849072,6.52058836,6865961,46422283.75,1.2048,1.1869,0
2023-08-15,000529,6.5014664,6.51102738,6.38673464,6.44410052,5098600,34359597.0,0.8947,-1.173,0
2023-08-16,000529,6.4058566,6.42497856,6.3580517,6.3580517,3332800,22249028.0,0.5848,-1.3353,0
2023-08-17,000529,6.32936876,6.39629562,6.2624419,6.39629562,3407760,22549423.6,0.598,0.6015,0
2023-08-18,000529,6.4058566,6.41541758,6.27200288,6.27200288,4213095,27897854.9,0.7393,-1.9432,0
2023-08-21,000529,6.2624419,6.3102468,6.1668321,6.1668321,3579720,23331735.8,0.6281,-1.6768,0
2023-08-22,000529,6.18595406,6.23375896,6.08078328,6.20507602,3713400,23917529.0,0.6516,0.6202,0
2023-08-23,000529,6.20507602,6.3102468,6.1668321,6.25288092,4542284,29695208.37,0.7971,0.7704,0
2023-08-24,000529,6.28156386,6.39629562,6.17639308,6.36761268,4643293,30653811.65,0.8148,1.8349,0
2023-08-25,000529,6.36761268,6.65444208,6.36761268,6.44410052,12275550,83550504.53,2.154,1.2012,0
2023-08-28,000529,6.692686,6.7404909,6.52058836,6.57795424,16394680,113759848.86,2.8768,2.0772,0
2023-08-29,000529,6.53971032,6.75961286,6.53014934,6.75961286,14799974,103363354.69,2.597,2.7616,0
2023-08-30,000529,6.7404909,6.7882958,6.65444208,6.70224698,8571188,60104567.44,1.504,-0.8487,0
2023-08-31,000529,6.67356404,6.73092992,6.61619816,6.70224698,6135114,42894112.82,1.0766,0.0,0
2023-09-01,000529,6.67356404,6.86478364,6.67356404,6.82653972,10072950,71457136.1,1.7675,1.8545,0
2023-09-04,000529,6.8361007,6.91258854,6.75005188,6.80741776,8717440,61957737.0,1.5297,-0.2801,0
2023-09-05,000529,6.79785678,6.79785678,6.68312502,6.72136894,6908700,48542081.0,1.2123,-1.264,0
2023-09-06,000529,6.72136894,6.7404909,6.65444208,6.68312502,5005700,34940967.0,0.8784,-0.569,0
2023-09-07,000529,6.66400306,6.692686,6.5492713,6.56839326,6045869,41801590.32,1.0609,-1.7167,0
2023-09-08,000529,6.5492713,6.5970762,6.48234444,6.5014664,5761929,39256328.2,1.0111,-1.0189,0
2023-09-11,000529,6.51102738,6.51102738,6.39629562,6.48234444,9473700,63860661.8,1.6624,-0.2941,0
2023-09-12,000529,6.4536615,6.57795424,6.43453954,6.5492713,7496302,51202172.14,1.3154,1.0324,0
2023-09-13,000529,6.53014934,6.5492713,6.34849072,6.37717366,6942962,46479581.92,1.2183,-2.6277,0
2023-09-14,000529,6.42497856,6.43453954,6.25288092,6.28156386,4855900,32054206.6,0.8521,-1.4993,0
2023-09-15,000529,6.29112484,6.37717366,6.27200288,6.31980778,3987106,26396569.3,0.6996,0.6088,0
2023-09-18,000529,6.31980778,6.4536615,6.24331994,6.44410052,5301753,35357253.2,0.9303,1.9667,0
2023-09-19,000529,6.43453954,6.5492713,6.38673464,6.47278346,5734394,38883208.28,1.0062,0.4451,0
2023-09-20,000529,6.42497856,6.56839326,6.4058566,6.46322248,3598904,24468724.28,0.6315,-0.1477,0
2023-09-21,000529,6.46322248,6.47278346,6.33892974,6.3580517,4480460,29903741.2,0.7862,-1.6272,0
2023-09-22,000529,6.32936876,6.44410052,6.31980778,6.41541758,3704903,24817215.93,0.6501,0.9023,0
2023-09-25,000529,6.39629562,6.46322248,6.37717366,6.39629562,2769050,18566117.0,0.4859,-0.2981,0
2023-09-26,000529,6.36761268,6.39629562,6.31980778,6.32936876,3175130,21082848.3,0.5572,-1.0463,0
2023-09-27,000529,6.37717366,6.41541758,6.31980778,6.37717366,3557461,23756995.48,0.6242,0.7553,0
2023-09-28,000529,6.39629562,6.4536615,6.36761268,6.38673464,3951900,26405950.0,0.6935,0.1499,0
2023-10-09,000529,6.38673464,6.38673464,6.19551504,6.214637,5136100,33485280.0,0.9013,-2.6946,0
2023-10-10,000529,6.24331994,6.28156386,6.214637,6.25288092,3250702,21255664.02,0.5704,0.6154,0
2023-10-11,000529,6.25288092,6.3102468,6.17639308,6.20507602,3857802,25146057.96,0.6769,-0.7645,0
2023-10-12,000529,6.214637,6.2624419,6.15727112,6.24331994,3870584,25119351.22,0.6792,0.6163,0
2023-10-13,000529,6.20507602,6.214637,6.08078328,6.09990524,3963900,25323001.0,0.6956,-2.2971,0
2023-10-16,000529,6.09990524,6.10946622,6.00429544,6.0234174,3540230,22400505.4,0.6212,-1.2539,0
2023-10-17,000529,6.03297838,6.0712223,6.0234174,6.04253936,2139810,13533466.3,0.3755,0.3175,0
2023-10-18,000529,6.04253936,6.04253936,5.96605152,5.98517348,3449762,21611911.5,0.6053,-0.9494,0
2023-10-19,000529,5.94692956,6.0234174,5.86088074,5.8800027,4516820,28073236.8,0.7926,-1.7572,0
2023-10-20,000529,5.8800027,5.9278076,5.80351486,5.85131976,3979536,24385190.12,0.6983,-0.4878,0
2023-10-23,000529,5.82263682,5.88956368,5.67922212,5.71746604,4091929,24694374.87,0.718,-2.2876,0
2023-10-24,000529,5.736588,5.91824662,5.71746604,5.90868564,4143400,25322453.0,0.7271,3.3445,0
2023-10-25,000529,5.9278076,6.0712223,5.89912466,6.01385642,3577722,22460231.38,0.6278,1.7799,0
2023-10-26,000529,6.00429544,6.0234174,5.9278076,6.0234174,2669200,16700547.0,0.4684,0.159,0
2023-10-27,000529,6.00429544,6.17639308,6.00429544,6.1668321,4407542,28228386.34,0.7734,2.381,0
2023-10-30,000529,6.1668321,6.1668321,6.0234174,6.06166132,6194263,39373811.12,1.0869,-1.7054,0
2023-10-31,000529,6.05210034,6.10946622,6.0234174,6.06166132,3788428,23995888.36,0.6648,0.0,0
2023-11-01,000529,6.0712223,6.09034426,6.05210034,6.0712223,3262560,20708174.4,0.5725,0.1577,0
2023-11-02,000529,6.0712223,6.1190272,6.04253936,6.08078328,4853340,30916741.8,0.8516,0.1575,0
2023-11-03,000529,6.09990524,6.12858818,6.05210034,6.10946622,3191100,20375526.0,0.56,0.4717,0
2023-11-06,000529,6.12858818,6.2624419,6.1190272,6.24331994,5780922,37536363.78,1.0144,2.1909,0
2023-11-07,000529,6.24331994,6.30068582,6.19551504,6.28156386,3728253,24414985.0,0.6542,0.6126,0
2023-11-08,000529,6.28156386,6.32936876,6.23375896,6.27200288,4161910,27320311.3,0.7303,-0.1522,0
2023-11-09,000529,6.27200288,6.31980778,6.214637,6.24331994,4251240,27799469.4,0.746,-0.4573,0
2023-11-10,000529,6.22419798,6.28156386,6.15727112,6.27200288,3038590,19788337.5,0.5332,0.4594,0
2023-11-13,000529,6.29112484,6.31980778,6.18595406,6.2624419,3731158,24356144.42,0.6547,-0.1524,0
2023-11-14,000529,6.27200288,6.29112484,6.23375896,6.27200288,3381051,22136435.53,0.5933,0.1527,0
2023-11-15,000529,6.3102468,6.34849072,6.27200288,6.3102468,3532200,23287198.99,0.6198,0.6098,0
2023-11-16,000529,6.2624419,6.34849072,6.24331994,6.29112484,3101900,20459338.0,0.5443,-0.303,0
2023-11-17,000529,6.30068582,6.32936876,6.27200288,6.29112484,2449760,16149011.5,0.4299,0.0,0
2023-11-20,000529,6.29112484,6.42497856,6.28156386,6.39629562,4037872,26885306.17,0.7085,1.6717,0
2023-11-21,000529,6.42497856,6.44410052,6.36761268,6.38673464,3965330,26594068.4,0.6958,-0.1495,0
2023-11-22,000529,6.38673464,6.49190542,6.3580517,6.43453954,4582715,30919844.65,0.8041,0.7485,0
2023-11-23,000529,6.43453954,6.5014664,6.38673464,6.47278346,4662910,31415088.6,0.8182,0.5944,0
2023-11-24,000529,6.48234444,6.53014934,6.47278346,6.5014664,5187571,35271503.8,0.9103,0.4431,0
2023-11-27,000529,6.5014664,6.53971032,6.42497856,6.47278346,4855723,32832466.56,0.8521,-0.4412,0
2023-11-28,000529,6.46322248,6.47278346,6.38673464,6.47278346,4085966,27497787.12,0.717,0.0,0
2023-11-29,000529,6.47278346,6.48234444,6.41541758,6.43453954,3257805,21933115.65,0.5717,-0.5908,0
2023-11-30,000529,6.49190542,6.49190542,6.37717366,6.44410052,4221300,28439057.0,0.7407,0.1486,0
2023-12-01,000529,6.42497856,6.5492713,6.4058566,6.46322248,4508053,30582185.04,0.791,0.2967,0
2023-12-04,000529,6.46322248,6.57795424,6.4058566,6.49190542,4084523,27649549.17,0.7167,0.4438,0
2023-12-05,000529,6.48234444,6.77873482,6.47278346,6.53014934,14267971,98578778.07,2.5037,0.5891,0
2023-12-06,000529,6.49190542,6.77873482,6.44410052,6.65444208,16079493,111507637.84,2.8215,1.9034,0
2023-12-07,000529,6.65444208,7.22810088,6.47278346,7.0273203,40348117,289226898.36,7.0801,5.6034,0
2023-12-08,000529,6.8361007,6.98907638,6.61619816,6.62575914,31192225,221045782.28,5.4734,-5.7143,0
2023-12-11,000529,6.58751522,6.72136894,6.38673464,6.692686,18723639,128469616.86,3.2855,1.0101,0
2023-12-12,000529,6.63532012,7.3619546,6.60663718,7.14205206,66260716,499725466.27,11.627,6.7143,0
2023-12-13,000529,7.22810088,7.3141497,6.91258854,6.95083246,44883478,329484738.47,7.8759,-2.6774,0
2023-12-14,000529,6.95083246,7.03688128,6.86478364,6.8839056,25794435,187177064.62,4.5263,-0.9629,0
2023-12-15,000529,6.86478364,7.16117402,6.70224698,6.96995442,35932129,260688345.79,6.3052,1.25,0
2023-12-18,000529,6.8839056,7.18029598,6.86478364,6.99863736,29430982,216244360.03,5.1644,0.4115,0
2023-12-19,000529,6.8839056,6.9317105,6.73092992,6.76917384,18807468,133717356.72,3.3002,-3.2787,0
2023-12-20,000529,6.7404909,6.76917384,6.53971032,6.5492713,16851201,116520641.86,2.957,-3.2486,0
2023-12-21,000529,6.5014664,6.5970762,6.38673464,6.5492713,12648534,86041266.39,2.2195,0.0,0
2023-12-22,000529,6.51102738,6.53971032,6.3102468,6.33892974,12836712,86036198.9,2.2525,-3.2117,0
2023-12-25,000529,6.3102468,6.32936876,6.12858818,6.22419798,10286401,66833713.49,1.805,-1.81,0
2023-12-26,000529,6.20507602,6.30068582,6.17639308,6.18595406,6252513,40790773.89,1.0972,-0.6144,0
2023-12-27,000529,6.18595406,6.44410052,6.15727112,6.41541758,10806806,71679342.24,1.8963,3.7094,0
2023-12-28,000529,6.3580517,6.49190542,6.33892974,6.44410052,7985901,53541834.69,1.4013,0.4471,0
2023-12-29,000529,6.43453954,6.5492713,6.39629562,6.49190542,6490700,44017399.0,1.139,0.7418,0
2024-01-02,000529,6.5014664,6.72136894,6.48234444,6.65444208,8830710,61045594.5,1.5496,2.5037,0
2024-01-03,000529,6.6448811,6.70224698,6.53971032,6.6448811,6546572,45267764.48,1.1488,-0.1437,0
2024-01-04,000529,6.65444208,7.24722284,6.60663718,7.0273203,35002620,256369732.1,6.1421,5.7554,0
2024-01-05,000529,6.99863736,7.05600324,6.77873482,6.80741776,16497465,119127926.6,2.8949,-3.1293,0
2024-01-08,000529,6.91258854,6.91258854,6.58751522,6.60663718,9916893,69149317.62,1.7402,-2.9494,0
2024-01-09,000529,6.5970762,6.6448811,6.5014664,6.5970762,6604400,45460781.0,1.1589,-0.1447,0
2024-01-10,000529,6.55883228,6.62575914,6.49190542,6.52058836,8854790,60572025.7,1.5538,-1.1594,0
2024-01-11,000529,6.53971032,6.75961286,6.5014664,6.70224698,9874700,69042507.0,1.7328,2.7859,0
2024-01-12,000529,6.68312502,6.96039344,6.68312502,6.72136894,9119720,64731663.0,1.6003,0.2853,0
2024-01-15,000529,6.68312502,6.72136894,6.60663718,6.63532012,5576500,38862981.0,0.9785,-1.2802,0
2024-01-16,000529,6.61619816,6.73092992,6.51102738,6.6448811,5676310,39229456.3,0.996,0.1441,0
2024-01-17,000529,6.6448811,6.6448811,6.4536615,6.46322248,5090500,34823715.0,0.8933,-2.7338,0
2024-01-18,000529,6.4536615,6.4536615,6.09034426,6.29112484,10117611,65982458.88,1.7754,-2.6627,0
2024-01-19,000529,6.29112484,6.32936876,6.19551504,6.24331994,5064900,33133901.0,0.8888,-0.7599,0
2024-01-22,000529,6.24331994,6.27200288,5.65053918,5.72702702,9596100,59656185.36,1.6839,-8.2695,0
2024-01-23,000529,5.71746604,5.72702702,5.50712448,5.63141722,9933272,58232524.83,1.743,-1.6694,0
2024-01-24,000529,5.65053918,5.80351486,5.5453684,5.7843929,8835843,52727559.29,1.5505,2.7165,0
2024-01-25,000529,5.80351486,6.04253936,5.74614898,6.0234174,7277442,45154321.31,1.277,4.1322,0
2024-01-26,000529,6.0234174,6.19551504,5.99473446,6.0712223,6212803,39712485.19,1.0902,0.7937,0
2024-01-29,000529,6.1190272,6.23375896,5.94692956,5.94692956,6907901,43627693.27,1.2122,-2.0472,0
2024-01-30,000529,5.9278076,5.99473446,5.71746604,5.72702702,6979661,42753108.76,1.2248,-3.6977,0
2024-01-31,000529,5.736588,5.736588,5.39239272,5.44019762,9741800,56422841.62,1.7094,-5.0083,0
2024-02-01,000529,5.4497586,5.4497586,5.17249018,5.26809998,9001790,50001855.6,1.5796,-3.1634,0
2024-02-02,000529,5.3063439,5.45931958,4.89522176,5.08644136,8815703,48030503.42,1.5469,-3.4483,0
2024-02-05,000529,5.04819744,5.04819744,4.57970942,4.59883138,11871828,58331068.91,2.0832,-9.5865,0
2024-02-06,000529,4.5892704,4.84741686,4.26419708,4.71356314,12148368,57389797.46,2.1317,2.4948,0
2024-02-07,000529,4.6370753,4.71356314,4.43629472,4.52234354,13267298,63309223.27,2.3281,-4.0568,0
2024-02-08,000529,4.55102648,4.9239047,4.37892884,4.90478274,14945089,73173325.97,2.6225,8.4567,0
2024-02-19,000529,4.9239047,5.14380724,4.89522176,4.99083156,11429620,59964129.44,2.0056,1.7544,0
2024-02-20,000529,4.99083156,5.0673194,4.89522176,5.03863646,5328575,27910770.34,0.935,0.9579,0
2024-02-21,000529,5.00995352,5.28722194,4.96214862,5.1151243,8016513,43285866.37,1.4067,1.518,0
2024-02-22,000529,5.10556332,5.2107341,5.0673194,5.17249018,5361666,28794166.74,0.9408,1.1215,0
2024-02-23,000529,5.19161214,5.36370978,5.14380724,5.3541488,7302391,40189421.32,1.2814,3.512,0
2024-02-26,000529,5.34458782,5.55492938,5.31590488,5.44019762,7134015,40617037.5,1.2518,1.6071,0
2024-02-27,000529,5.45931958,5.5931733,5.36370978,5.5453684,5454150,31475947.0,0.9571,1.9332,0
2024-02-28,000529,5.5453684,5.66966114,5.14380724,5.15336822,12602681,71117975.74,2.2114,-7.069,0
2024-02-29,000529,5.1151243,5.3541488,5.09600234,5.33502684,6310380,34730212.6,1.1073,3.525,0
2024-03-01,000529,5.3541488,5.39239272,5.258539,5.34458782,5015161,27909059.72,0.88,0.1792,0
2024-03-04,000529,5.36370978,5.36370978,5.23941704,5.3063439,4357400,24144303.0,0.7646,-0.7156,0
2024-03-05,000529,5.27766096,5.31590488,5.19161214,5.22029508,4328624,23722488.63,0.7596,-1.6216,0
2024-03-06,000529,5.23941704,5.28722194,5.15336822,5.26809998,4056052,22151408.52,0.7117,0.9158,0
2024-03-07,000529,5.26809998,5.36370978,5.22029508,5.23941704,5113386,28261242.28,0.8973,-0.5445,0
2024-03-08,000529,5.27766096,5.28722194,5.17249018,5.26809998,4298663,23517819.72,0.7543,0.5474,0
2024-03-11,000529,5.28722194,5.3541488,5.26809998,5.34458782,5180632,28871685.36,0.9091,1.4519,0
2024-03-12,000529,5.3541488,5.43063664,5.3063439,5.42107566,5230630,29443772.7,0.9178,1.4311,0
2024-03-13,000529,5.4019537,5.43063664,5.31590488,5.36370978,4455336,24969924.2,0.7818,-1.0582,0
2024-03-14,000529,5.37327076,5.41151468,5.27766096,5.33502684,4456820,24971113.4,0.7821,-0.5348,0
2024-03-15,000529,5.32546586,5.42107566,5.29678292,5.42107566,4112441,23108525.22,0.7216,1.6129,0
2024-03-18,000529,5.44019762,5.48800252,5.39239272,5.48800252,4321660,24619336.4,0.7583,1.2346,0
2024-03-19,000529,5.48800252,5.6409782,5.47844154,5.55492938,8106028,47349495.4,1.4224,1.2195,0
2024-03-20,000529,5.55492938,5.66010016,5.51668546,5.62185624,6467931,37795147.44,1.135,1.2048,0
2024-03-21,000529,5.62185624,5.86088074,5.62185624,5.79395388,11723376,70501473.08,2.0571,3.0612,0
2024-03-22,000529,5.7843929,5.79395388,5.55492938,5.60273428,8987988,53040307.21,1.5772,-3.3003,0
2024-03-25,000529,5.61229526,5.63141722,5.45931958,5.46888056,5845760,33882876.0,1.0258,-2.3891,0
2024-03-26,000529,5.47844154,5.62185624,5.44019762,5.4975635,6028900,34668715.0,1.0579,0.5245,0
2024-03-27,000529,5.52624644,5.55492938,5.38283174,5.39239272,5477586,31327051.34,0.9612,-1.913,0
2024-03-28,000529,5.4019537,5.50712448,5.36370978,5.42107566,5320611,30235073.68,0.9336,0.5319,0
2024-03-29,000529,5.41151468,5.5453684,5.4019537,5.53580742,5541884,31713210.68,0.9725,2.1164,0
2024-04-01,000529,5.53580742,5.69834408,5.52624644,5.66966114,7122382,41843973.18,1.2498,2.418,0
2024-04-02,000529,5.67922212,5.81307584,5.62185624,5.80351486,7884480,47237821.64,1.3835,2.3609,0
2024-04-03,000529,5.76527094,6.09990524,5.75570996,6.04253936,20509081,128520830.42,3.5988,4.1186,0
2024-04-08,000529,5.98517348,6.1668321,5.91824662,6.01385642,12909433,80991969.37,2.2653,-0.4747,0
2024-04-09,000529,6.08078328,6.29112484,6.00429544,6.10946622,13680923,87692574.02,2.4006,1.5898,0
2024-04-10,000529,6.10946622,6.2624419,5.84175878,5.9278076,11144400,69950970.0,1.9556,-2.9734,0
2024-04-11,000529,5.9278076,5.9756125,5.87044172,5.89912466,6379907,39525270.71,1.1195,-0.4839,0
2024-04-12,000529,5.89912466,5.90868564,5.80351486,5.86088074,5845400,35724894.0,1.0257,-0.6483,0
2024-04-15,000529,5.84175878,5.84175878,5.51668546,5.70790506,10351100,61383138.0,1.8164,-2.6101,0
2024-04-16,000529,5.61229526,5.6409782,5.17249018,5.33502684,12969678,72338385.35,2.2758,-6.5327,0
2024-04-17,000529,5.33502684,5.56449036,5.31590488,5.5453684,8002821,45819252.93,1.4043,3.9427,0
2024-04-18,000529,5.53580742,5.6409782,5.4497586,5.57405134,6346782,36776594.71,1.1137,0.5172,0
2024-04-19,000529,5.56449036,5.61229526,5.46888056,5.52624644,5240547,30286123.29,0.9196,-0.8576,0
2024-04-22,000529,5.52624644,6.00429544,5.41151468,5.70790506,11531359,68526608.72,2.0235,3.2872,0
2024-04-23,000529,5.66966114,5.79395388,5.60273428,5.75570996,8072860,48298211.4,1.4166,0.8375,0
2024-04-24,000529,5.736588,5.91824662,5.63141722,5.6887831,6341516,37807700.12,1.1128,-1.1628,0
2024-04-25,000529,5.62185624,5.69834408,5.60273428,5.67922212,4755098,28128899.62,0.8344,-0.1681,0
2024-04-26,000529,5.66966114,5.69834408,5.61229526,5.6887831,4326827,25625450.47,0.7592,0.1684,0
2024-04-29,000529,5.6887831,5.94692956,5.67922212,5.91824662,11020718,67271637.97,1.9339,4.0336,0
2024-04-30,000529,5.9278076,6.2624419,5.91824662,6.08078328,12774710,81398515.5,2.2416,2.7464,0
2024-05-06,000529,6.1190272,6.14771014,6.01385642,6.0712223,6135453,38842309.36,1.0766,-0.1572,0
2024-05-07,000529,6.0712223,6.43453954,6.0712223,6.39629562,17592544,116630648.22,3.087,5.3543,0
2024-05-08,000529,6.36761268,6.63532012,6.34849072,6.58751522,18757045,128678145.19,3.2914,2.9895,0
2024-05-09,000529,6.48234444,6.68312502,6.41541758,6.57795424,11893059,81023784.2,2.0869,-0.1451,0
2024-05-10,000529,6.62575914,7.13249108,6.62575914,7.04644226,32309184,235659479.05,5.6694,7.1221,0
2024-05-13,000529,6.9317105,7.75395478,6.9317105,7.5531742,50671906,393791990.12,8.8916,7.1913,0
2024-05-14,000529,7.3619546,7.62966204,7.11336912,7.46712538,38425548,298283212.13,6.7427,-1.1392,0
2024-05-15,000529,7.46712538,7.72527184,7.27590578,7.62010106,25208446,198806630.9,4.4234,2.0487,0
2024-05-16,000529,7.54361322,7.7443938,7.37151558,7.5053693,23288604,184225683.66,4.0865,-1.5056,0
2024-05-17,000529,7.42888146,7.62010106,7.1229301,7.2663448,21480133,164187087.16,3.7692,-3.1847,0
2024-05-20,000529,7.2663448,7.648784,7.2185399,7.648784,26042495,205560979.26,4.5698,5.2632,0
2024-05-21,000529,7.62966204,7.8400036,7.5053693,7.63922302,19013388,151899707.39,3.3364,-0.125,0
2024-05-22,000529,7.56273518,7.62966204,7.37151558,7.52449126,12880817,100608573.45,2.2603,-1.5019,0
2024-05-23,000529,7.5053693,7.52449126,7.01775932,7.170735,18427850,138804841.58,3.2336,-4.7014,0
2024-05-24,000529,7.170735,7.32371068,6.9795154,7.14205206,19615418,145998331.12,3.442,-0.4,0
2024-05-27,000529,7.14205206,7.2663448,6.70224698,6.82653972,23469290,168463526.93,4.1183,-4.4177,0
2024-05-28,000529,6.86478364,6.96039344,6.46322248,6.55883228,19350524,134273094.32,3.3955,-3.9216,0
2024-05-29,000529,6.51102738,6.56839326,6.37717366,6.48234444,11571589,78708352.6,2.0305,-1.1662,0
2024-05-30,000529,6.41541758,6.70224698,6.39629562,6.42497856,13882512,94837313.18,2.436,-0.885,0
2024-05-31,000529,6.41541758,6.46322248,6.23375896,6.29112484,11612756,76713799.16,2.0377,-2.0833,0
2024-06-03,000529,6.3102468,6.90302756,6.30068582,6.7882958,36142071,252668712.94,6.342,7.9027,0
2024-06-04,000529,6.6448811,6.91258854,6.43453954,6.84566168,28417530,199202677.56,4.9865,0.8451,0
2024-06-05,000529,6.80741776,6.80741776,6.57795424,6.68312502,14558128,101633550.79,2.5546,-2.3743,0
2024-06-06,000529,6.67356404,6.692686,6.3102468,6.39629562,10178587,68816031.95,1.7861,-4.2918,0
2024-06-07,000529,6.4536615,6.53971032,6.3580517,6.5014664,7027650,47428172.32,1.2332,1.6442,0
2024-06-11,000529,6.49190542,6.7404909,6.31980778,6.68312502,10566794,72151096.46,1.8542,2.7941,0
2024-06-12,000529,6.68312502,6.82653972,6.62575914,6.65444208,5277309,37050344.96,0.926,-0.4292,0
2024-06-13,000529,6.57795424,6.65444208,6.05210034,6.1190272,19788849,129408773.37,3.4724,-8.046,0
2024-06-14,000529,6.0712223,6.1190272,5.8800027,5.99473446,11722181,73137093.93,2.0569,-2.0313,0
2024-06-17,000529,5.9756125,6.06166132,5.81307584,5.89912466,7880405,48860974.35,1.3828,-1.5949,0
2024-06-18,000529,5.95649054,6.0712223,5.87044172,5.95649054,8926608,55718426.8,1.5664,0.9724,0
2024-06-19,000529,5.94692956,5.9756125,5.81307584,5.86088074,6168520,38039595.29,1.0824,-1.6051,0
2024-06-20,000529,5.85131976,5.8800027,5.74614898,5.75570996,5688650,34516294.7,0.9982,-1.7945,0
2024-06-21,000529,5.75570996,5.89912466,5.75570996,5.82263682,3714400,22651153.0,0.6518,1.1628,0
2024-06-24,000529,5.82263682,5.82263682,5.45931958,5.46888056,8098213,47103942.61,1.421,-6.0755,0
2024-06-25,000529,5.48800252,5.5453684,5.37327076,5.51668546,5546802,31746519.46,0.9733,0.8741,0
2024-06-26,000529,5.51668546,5.67922212,5.48800252,5.65053918,4372601,25582238.79,0.7673,2.4263,0
2024-06-27,000529,5.65053918,5.6887831,5.55492938,5.56449036,3680194,21634765.72,0.6458,-1.5228,0
2024-06-28,000529,5.56449036,5.6887831,5.5453684,5.62185624,3299381,19446632.4,0.579,1.0309,0
2024-07-01,000529,5.6409782,5.84175878,5.58361232,5.79395388,7057340,42563839.74,1.2384,3.0612,0
2024-07-02,000529,5.79395388,5.82263682,5.736588,5.7843929,4057710,24537859.8,0.712,-0.165,0
2024-07-03,000529,5.76527094,5.86088074,5.72702702,5.76527094,3626181,21948029.65,0.6363,-0.3306,0
2024-07-04,000529,5.79468408,5.81429384,5.56917184,5.59858648,4468061,25798663.37,0.784,-2.8912,0
2024-07-05,000529,5.64761088,5.75546456,5.5397572,5.71624504,3647488,21051899.88,0.64,2.1016,0
2024-07-08,000529,5.71624504,5.72604992,5.50053768,5.55936696,3683320,21004042.0,0.6463,-2.7444,0
2024-07-09,000529,5.55936696,5.59858648,5.31424496,5.48092792,6753763,37437378.94,1.1851,-1.4109,0
2024-07-10,000529,5.51034256,5.55936696,5.32404984,5.4417084,4595000,25606887.0,0.8063,-0.7156,0
2024-07-11,000529,5.5397572,5.61819624,5.48092792,5.59858648,3602129,20470576.72,0.6321,2.8829,0
2024-07-12,000529,5.5887816,5.74565968,5.56917184,5.637806,4418300,25492364.0,0.7753,0.7005,0
2024-07-15,000529,5.64761088,5.8339036,5.64761088,5.74565968,5258552,30821732.2,0.9227,1.913,0
2024-07-16,000529,5.7358548,5.80448896,5.62800112,5.69663528,3910451,22774979.8,0.6862,-0.8532,0
2024-07-17,000529,5.67702552,5.7848792,5.637806,5.70644016,2997911,17464683.48,0.5261,0.1721,0
2024-07-18,000529,5.67702552,5.69663528,5.55936696,5.6868304,3287400,18857472.0,0.5769,-0.3436,0
2024-07-19,000529,5.64761088,5.7848792,5.61819624,5.77507432,3306810,19291767.5,0.5803,1.5517,0
2024-07-22,000529,5.77507432,5.77507432,5.637806,5.71624504,3538800,20524944.0,0.621,-1.0187,0
2024-07-23,000529,5.70644016,5.76526944,5.51034256,5.52995232,3797600,21822394.0,0.6664,-3.259,0
2024-07-24,000529,5.52995232,5.55936696,5.38287912,5.41229376,3800200,21123564.0,0.6668,-2.1277,0
2024-07-25,000529,5.40248888,5.52995232,5.35346448,5.45151328,2586180,14389893.4,0.4538,0.7246,0
2024-07-26,000529,5.42209864,5.54956208,5.41229376,5.47112304,4250320,23771321.4,0.7458,0.3597,0
2024-07-29,000529,5.50053768,5.50053768,5.37307424,5.392684,3860300,21335203.0,0.6774,-1.4337,0
2024-07-30,000529,5.392684,5.52995232,5.38287912,5.51034256,3215500,17983189.0,0.5642,2.1818,0
2024-07-31,000529,5.52014744,5.72604992,5.48092792,5.70644016,4759510,27416216.3,0.8352,3.5587,0
2024-08-01,000529,5.70644016,5.75546456,5.65741576,5.71624504,3189792,18544519.68,0.5597,0.1718,0
2024-08-02,000529,5.65741576,5.86331824,5.65741576,5.79468408,5796400,34221879.0,1.0171,1.3722,0
2024-08-05,000529,5.75546456,5.9809768,5.7358548,5.77507432,6893541,41374054.67,1.2096,-0.3384,0
2024-08-06,000529,5.82409872,5.882928,5.75546456,5.86331824,4298400,25520853.0,0.7543,1.528,0
2024-08-07,000529,5.84370848,5.87312312,5.66722064,5.69663528,6765900,39520458.0,1.1872,-2.8428,0
2024-08-08,000529,5.69663528,5.81429384,5.66722064,5.75546456,5098621,29959591.27,0.8947,1.0327,0
2024-08-09,000529,5.77507432,5.8339036,5.6868304,5.70644016,3930300,23069643.0,0.6897,-0.8518,0
2024-08-12,000529,5.70644016,5.81429384,5.67702552,5.70644016,3757900,22008606.0,0.6594,0.0,0
2024-08-13,000529,5.67702552,5.7848792,5.64761088,5.74565968,3137211,18275860.55,0.5505,0.6873,0
2024-08-14,000529,5.70644016,5.7358548,5.62800112,5.65741576,3116920,17995573.2,0.5469,-1.5358,0
2024-08-15,000529,5.637806,5.72604992,5.61819624,5.65741576,3300210,19075930.6,0.5791,0.0,0
2024-08-16,000529,5.66722064,5.66722064,5.42209864,5.4417084,6991260,39237565.4,1.2268,-3.8128,0
2024-08-19,000529,5.41229376,5.46131816,5.37307424,5.392684,4988986,27515855.14,0.8754,-0.9009,0
2024-08-20,000529,5.41229376,5.42209864,5.13775712,5.16717176,7767675,41538735.0,1.363,-4.1818,0
2024-08-21,000529,5.16717176,5.16717176,5.07892784,5.0985376,4139580,21604375.6,0.7264,-1.3283,0
2024-08-22,000529,5.08873272,5.12795224,4.90244,4.96126928,4977700,25249821.98,0.8735,-2.6923,0
2024-08-23,000529,4.94165952,4.97107416,4.8534156,4.90244,4658000,23249807.0,0.8174,-1.1858,0
2024-08-26,000529,4.91224488,5.02990344,4.90244,5.01029368,3713450,18863212.5,0.6516,2.2,0
2024-08-27,000529,5.01029368,5.02009856,4.89263512,4.92204976,3751500,18918627.0,0.6583,-1.7613,0
2024-08-28,000529,4.92204976,5.01029368,4.8534156,4.98087904,3675471,18567552.27,0.645,1.1952,0
2024-08-29,000529,4.99068392,5.05931808,4.94165952,5.03970832,3846390,19650332.7,0.6749,1.1811,0
2024-08-30,000529,5.01029368,5.20639128,4.96126928,5.12795224,5954475,30977811.0,1.0449,1.751,0
2024-09-02,000529,5.0985376,5.16717176,5.03970832,5.0495132,4549200,23670264.0,0.7983,-1.5296,0
2024-09-03,000529,5.07892784,5.12795224,5.01029368,5.10834248,3570100,18511070.0,0.6265,1.165,0
2024-09-04,000529,5.06912296,5.13775712,5.03970832,5.05931808,3633100,18818379.0,0.6375,-0.9597,0
2024-09-05,000529,5.0495132,5.12795224,5.0495132,5.10834248,3257400,16906485.0,0.5716,0.969,0
2024-09-06,000529,5.10834248,5.11814736,4.98087904,5.0004888,4396460,22579634.8,0.7715,-2.1113,0
2024-09-09,000529,5.01029368,5.07892784,4.9514644,5.05931808,3924856,20103185.8,0.6887,1.1765,0
2024-09-10,000529,5.0495132,5.08873272,4.93185464,5.02990344,3898229,19881504.74,0.684,-0.5814,0
2024-09-11,000529,5.0004888,5.02990344,4.89263512,4.92204976,3913700,19668598.0,0.6868,-2.1442,0
2024-09-12,000529,4.92204976,4.98087904,4.90244,4.90244,3481000,17541806.0,0.6108,-0.3984,0
2024-09-13,000529,4.90244,4.92204976,4.79458632,4.8043912,4433600,21872074.7,0.778,-2.0,0
2024-09-18,000529,4.8043912,4.8043912,4.66712288,4.77497656,5613537,27061169.73,0.985,-0.6122,0
2024-09-19,000529,4.8043912,4.99068392,4.71614728,4.96126928,7191153,36010139.98,1.2619,3.9014,0
2024-09-20,000529,4.96126928,4.96126928,4.8534156,4.88283024,5129023,25605096.25,0.9,-1.581,0
2024-09-23,000529,4.89263512,4.96126928,4.83380584,4.83380584,4815900,24012198.0,0.8451,-1.004,0
2024-09-24,000529,4.8534156,5.0985376,4.8534156,5.0985376,7428980,37740247.38,1.3036,5.4767,0
2024-09-25,000529,5.10834248,5.2456108,5.10834248,5.15736688,7638716,40384351.12,1.3404,1.1538,0
2024-09-26,000529,5.15736688,5.42209864,5.10834248,5.41229376,8838730,47674868.32,1.551,4.943,0
2024-09-27,000529,5.46131816,5.65741576,5.4417084,5.55936696,9979572,56310641.77,1.7512,2.7174,0
2024-09-30,000529,5.6868304,6.0300012,5.5887816,5.99078168,22004024,130772345.38,3.8611,7.7601,0
2024-10-08,000529,6.5692696,6.5692696,5.9809768,6.14765976,25852219,163087018.64,4.5364,2.6187,0
2024-10-09,000529,6.05941584,6.05941584,5.5397572,5.54956208,16510645,96586272.74,2.8972,-9.7289,0
2024-10-10,000529,5.59858648,5.8339036,5.57897672,5.5887816,16871673,98026324.8,2.9605,0.7067,0
2024-10-11,000529,5.5887816,5.62800112,5.35346448,5.41229376,11075150,61850668.5,1.9434,-3.1579,0
2024-10-14,000529,5.42209864,5.52995232,5.37307424,5.50053768,8498909,47363089.77,1.4913,1.6304,0
2024-10-15,000529,5.50053768,5.52995232,5.392684,5.392684,7493890,41744751.4,1.315,-1.9608,0
2024-10-16,000529,5.37307424,5.4907328,5.3436596,5.45151328,7258511,40189842.66,1.2737,1.0909,0
2024-10-17,000529,5.46131816,5.52014744,5.38287912,5.392684,7472121,41568013.31,1.3112,-1.0791,0
2024-10-18,000529,5.392684,5.51034256,5.32404984,5.46131816,12019370,66485190.5,2.1091,1.2727,0
2024-10-21,000529,5.45151328,5.4907328,5.41229376,5.4417084,10548478,58743316.21,1.851,-0.3591,0
2024-10-22,000529,5.46131816,5.61819624,5.4417084,5.60839136,12003639,68008249.77,2.1063,3.0631,0
2024-10-23,000529,5.66722064,5.66722064,5.55936696,5.60839136,7915581,45319943.78,1.389,0.0,0
2024-10-24,000529,5.56917184,5.637806,5.55936696,5.59858648,5673893,32386946.06,0.9956,-0.1748,0
2024-10-25,000529,5.59858648,5.70644016,5.59858648,5.70644016,8177660,47318979.68,1.435,1.9264,0
2024-10-28,000529,5.69663528,5.882928,5.69663528,5.882928,9708920,57601787.93,1.7037,3.0928,0
2024-10-29,000529,5.87312312,5.882928,5.60839136,5.62800112,13942475,81224093.75,2.4465,-4.3333,0
2024-10-30,000529,5.62800112,5.66722064,5.50053768,5.60839136,8515439,48537789.3,1.4942,-0.3484,0
2024-10-31,000529,5.5887816,5.64761088,5.56917184,5.637806,9391567,53792007.79,1.648,0.5245,0
2024-11-01,000529,5.62800112,5.67702552,5.4907328,5.52014744,11464165,65204225.22,2.0117,-2.087,0
2024-11-04,000529,5.54956208,5.61819624,5.45151328,5.61819624,6964263,39369035.66,1.222,1.7762,0
2024-11-05,000529,5.61819624,5.70644016,5.5887816,5.6868304,12455925,71813637.06,2.1857,1.2216,0
2024-11-06,000529,5.69663528,5.74565968,5.60839136,5.74565968,12636944,73396360.4,2.2175,1.0345,0
2024-11-07,000529,5.72604992,5.97117192,5.72604992,5.96136704,18925089,113873183.41,3.3209,3.7543,0
2024-11-08,000529,5.9809768,6.14765976,5.90253776,6.06922072,26997603,165410577.09,4.7374,1.8092,0
2024-11-11,000529,6.0300012,6.04961096,5.91234264,6.02019632,16267946,98827539.27,2.8546,-0.8078,0
2024-11-12,000529,6.0300012,6.2260988,5.99078168,6.0300012,17231638,106644459.28,3.0237,0.1629,0
2024-11-13,000529,6.04961096,6.09863536,5.92214752,6.06922072,14575406,89475577.47,2.5576,0.6504,0
2024-11-14,000529,6.03980608,6.15746464,5.9319524,5.9319524,15245558,93835889.99,2.6752,-2.2617,0
2024-11-15,000529,5.92214752,5.9809768,5.75546456,5.76526944,12276534,73566281.55,2.1542,-2.8099,0
2024-11-18,000529,5.81429384,5.91234264,5.72604992,5.76526944,9904258,58773353.03,1.7379,0.0,0
2024-11-19,000529,5.79468408,5.8339036,5.69663528,5.8339036,8143771,47913215.47,1.429,1.1905,0
2024-11-20,000529,5.8339036,5.94175728,5.80448896,5.94175728,8699951,52202850.27,1.5266,1.8487,0
2024-11-21,000529,5.94175728,5.9809768,5.87312312,5.97117192,7982277,48264397.22,1.4007,0.495,0
2024-11-22,000529,5.96136704,6.13785488,5.85351336,5.882928,18383060,112810268.05,3.2258,-1.4778,0
2024-11-25,000529,5.87312312,5.99078168,5.84370848,5.97117192,10301006,62256183.84,1.8076,1.5,0
2024-11-26,000529,5.9319524,6.14765976,5.9319524,6.14765976,26923199,166913593.02,4.7243,2.9557,0
2024-11-27,000529,6.06922072,6.08883048,5.7848792,6.0300012,22195416,134151827.27,3.8947,-1.9139,0
2024-11-28,000529,6.01039144,6.26531832,5.99078168,6.24570856,26122228,163816441.82,4.5838,3.5772,0
2024-11-29,000529,6.19668416,6.33395248,6.14765976,6.28492808,24327043,155241608.34,4.2688,0.6279,0
2024-12-02,000529,6.28492808,6.35356224,6.2260988,6.28492808,25264693,162011310.97,4.4333,0.0,0
2024-12-03,000529,6.2751232,6.34375736,6.23590368,6.26531832,15099966,96677241.07,2.6497,-0.312,0
2024-12-04,000529,6.24570856,6.30453784,6.14765976,6.19668416,14525591,92320600.59,2.5489,-1.0955,0
2024-12-05,000529,6.1770744,6.29473296,6.04961096,6.20648904,15931649,99844893.12,2.7956,0.1582,0
2024-12-06,000529,6.1770744,6.25551344,6.12805,6.23590368,9965700,63112019.0,1.7487,0.4739,0
2024-12-09,000529,6.24570856,6.3241476,6.15746464,6.20648904,12594715,80000056.56,2.21,-0.4717,0
2024-12-10,000529,6.34375736,6.41239152,6.2260988,6.24570856,17104326,110225972.57,3.0014,0.6319,0
2024-12-11,000529,6.24570856,6.45161104,6.21629392,6.44180616,17943114,116928171.8,3.1486,3.1397,0
2024-12-12,000529,6.43200128,6.62809888,6.38297688,6.59868424,17213481,114547477.65,3.0205,2.4353,0
2024-12-13,000529,6.5692696,6.5692696,6.39278176,6.4221964,20860884,137259052.96,3.6605,-2.6746,0
2024-12-16,000529,6.39278176,6.51044032,6.33395248,6.373172,12937564,84819319.92,2.2702,-0.7634,0
2024-12-17,000529,6.39278176,6.39278176,6.0300012,6.04961096,14213591,89229150.98,2.4941,-5.0769,0
2024-12-18,000529,6.04961096,6.19668416,5.95156216,6.09863536,11357939,70564327.75,1.993,0.8104,0
2024-12-19,000529,6.05941584,6.09863536,5.94175728,6.05941584,8237082,50545059.74,1.4454,-0.6431,0
2024-12-20,000529,6.04961096,6.19668416,6.0300012,6.05941584,8124300,50632690.0,1.4256,0.0,0
2024-12-23,000529,6.0790256,6.15746464,5.882928,5.89273288,13483451,82182753.66,2.366,-2.7508,0
2024-12-24,000529,5.87312312,5.96136704,5.86331824,5.92214752,6671260,40209004.1,1.1706,0.4992,0
2024-12-25,000529,5.90253776,5.91234264,5.67702552,5.75546456,8423000,49454424.32,1.478,-2.8146,0
2024-12-26,000529,5.75546456,5.82409872,5.74565968,5.80448896,4371330,25851917.0,0.7671,0.8518,0
2024-12-27,000529,5.80448896,6.0300012,5.75546456,5.9809768,8974569,54444119.11,1.5748,3.0405,0
2024-12-30,000529,5.9319524,6.0790256,5.82409872,6.00058656,9459404,57041087.88,1.6599,0.3279,0
2024-12-31,000529,5.97117192,6.02019632,5.74565968,5.7848792,9245056,55276900.16,1.6223,-3.5948,0
2025-01-02,000529,5.7358548,5.95156216,5.71624504,5.7848792,8779697,52435729.65,1.5406,0.0,0
2025-01-03,000529,5.77507432,5.79468408,5.47112304,5.48092792,9418408,53687088.26,1.6527,-5.2542,0
2025-01-06,000529,5.48092792,5.51034256,5.2456108,5.43190352,5638621,31092229.29,0.9894,-0.8945,0
2025-01-07,000529,5.43190352,5.47112304,5.37307424,5.46131816,4530064,25079008.38,0.7949,0.5415,0
2025-01-08,000529,5.46131816,5.4907328,5.2946352,5.47112304,5217495,28831143.88,0.9155,0.1795,0
2025-01-09,000529,5.43190352,5.55936696,5.43190352,5.47112304,5285873,29665963.35,0.9275,0.0,0
2025-01-10,000529,5.46131816,5.51034256,5.31424496,5.32404984,4142221,22770080.91,0.7269,-2.6882,0
2025-01-13,000529,5.2946352,5.37307424,5.21619616,5.36326936,3634653,19658935.05,0.6378,0.7366,0
2025-01-14,000529,5.392684,5.51034256,5.36326936,5.51034256,5935710,33099334.0,1.0416,2.7422,0
2025-01-15,000529,5.51034256,5.5887816,5.48092792,5.54956208,4876600,27568778.0,0.8557,0.7117,0
2025-01-16,000529,5.57897672,5.62800112,5.4907328,5.55936696,4731000,26831294.0,0.8302,0.1767,0
2025-01-17,000529,5.55936696,5.72604992,5.51034256,5.62800112,6098000,35102257.0,1.07,1.2346,0
2025-01-20,000529,5.64761088,5.69663528,5.5887816,5.65741576,4512481,26029564.18,0.7918,0.5226,0
2025-01-21,000529,5.65741576,5.6868304,5.51034256,5.56917184,4950703,28109276.27,0.8687,-1.5598,0
2025-01-22,000529,5.55936696,5.56917184,5.48092792,5.51034256,3537629,19887875.27,0.6208,-1.0563,0
2025-01-23,000529,5.52995232,5.62800112,5.52995232,5.5397572,3934920,22405766.4,0.6905,0.5338,0
2025-01-24,000529,5.5397572,5.5397572,5.46131816,5.52014744,3665140,20566835.67,0.6431,-0.354,0
2025-01-27,000529,5.55936696,5.67702552,5.5397572,5.55936696,4089236,23384462.79,0.7176,0.7105,0
2025-02-05,000529,5.57897672,5.60839136,5.54956208,5.59858648,4341693,24687488.38,0.7619,0.7055,0
2025-02-06,000529,5.57897672,5.57897672,5.50053768,5.55936696,5192854,29329969.52,0.9112,-0.7005,0
2025-02-07,000529,5.56917184,5.70644016,5.55936696,5.64761088,6121431,35187568.13,1.0742,1.5873,0
2025-02-10,000529,5.64761088,5.7358548,5.637806,5.7358548,5161361,29949134.02,0.9057,1.5625,0
2025-02-11,000529,5.71624504,5.74565968,5.65741576,5.70644016,3247900,18852670.0,0.5699,-0.5128,0
2025-02-12,000529,5.70644016,5.7358548,5.65741576,5.72604992,3603810,20924000.1,0.6324,0.3436,0
2025-02-13,000529,5.72604992,5.77507432,5.69663528,5.7358548,4794200,28094893.0,0.8413,0.1712,0
2025-02-14,000529,5.74565968,5.74565968,5.64761088,5.67702552,4959839,28732831.45,0.8703,-1.0256,0
2025-02-17,000529,5.6868304,5.71624504,5.59858648,5.6868304,6048799,34929219.61,1.0614,0.1727,0
2025-02-18,000529,5.70644016,5.70644016,5.51034256,5.52014744,6823379,38860194.51,1.1973,-2.931,0
2025-02-19,000529,5.50053768,5.55936696,5.4907328,5.55936696,3148132,17782715.11,0.5524,0.7105,0
2025-02-20,000529,5.55936696,5.61819624,5.51034256,5.56917184,3830600,21805590.0,0.6722,0.1764,0
2025-02-21,000529,5.59858648,5.59858648,5.46131816,5.50053768,6245329,35061956.3,1.0959,-1.2324,0
2025-02-24,000529,5.52014744,5.637806,5.4907328,5.637806,7047807,39854105.18,1.2367,2.4955,0
2025-02-25,000529,5.75546456,6.20648904,5.75546456,6.20648904,19440225,121530456.73,3.4113,10.087,0
2025-02-26,000529,6.0790256,6.1770744,5.90253776,6.0300012,42120270,257823793.44,7.391,-2.8436,0
2025-02-27,000529,6.05941584,6.11824512,5.90253776,6.01039144,24590268,150139319.63,4.315,-0.3252,0
2025-02-28,000529,5.96136704,5.99078168,5.8339036,5.8339036,14611383,87916544.43,2.5639,-2.9364,0
2025-03-03,000529,5.86331824,5.90253776,5.79468408,5.86331824,11740885,70104750.03,2.0602,0.5042,0
2025-03-04,000529,5.85351336,5.92214752,5.80448896,5.89273288,9215848,55197441.0,1.6171,0.5017,0
2025-03-05,000529,5.96136704,5.99078168,5.75546456,5.82409872,11270737,67084830.56,1.9777,-1.1647,0
2025-03-06,000529,5.82409872,5.882928,5.77507432,5.87312312,9314118,55514923.55,1.6344,0.8418,0
2025-03-07,000529,5.87312312,5.97117192,5.8339036,5.89273288,9692755,58036083.25,1.7008,0.3339,0
2025-03-10,000529,5.96136704,6.0300012,5.91234264,5.9319524,13090128,79633937.32,2.297,0.6656,0
2025-03-11,000529,5.87312312,5.9809768,5.81429384,5.9809768,9160153,55299493.71,1.6074,0.8264,0
2025-03-12,000529,5.9809768,6.00058656,5.882928,5.90253776,8878017,53623703.12,1.5579,-1.3115,0
2025-03-13,000529,5.882928,5.94175728,5.80448896,5.882928,6467938,38725839.46,1.135,-0.3322,0
2025-03-14,000529,5.882928,6.00058656,5.85351336,5.99078168,13312248,80917708.92,2.336,1.8333,0
2025-03-17,000529,6.0300012,6.06922072,5.9809768,5.9809768,10113928,62046215.58,1.7747,-0.1637,0
2025-03-18,000529,6.00058656,6.01039144,5.92214752,5.99078168,6278070,38153757.9,1.1016,0.1639,0
2025-03-19,000529,5.95156216,5.99078168,5.92214752,5.96136704,4940520,29973063.2,0.8669,-0.491,0
2025-03-20,000529,5.9809768,6.00058656,5.94175728,5.96136704,6243267,38064537.7,1.0955,0.0,0
2025-03-21,000529,5.94175728,6.00058656,5.89273288,5.91234264,5538150,33543498.0,0.9718,-0.8224,0
2025-03-24,000529,5.91234264,5.92214752,5.69663528,5.80448896,7100650,42026313.41,1.246,-1.8242,0
2025-03-25,000529,5.7848792,5.882928,5.75546456,5.86331824,5760081,34211640.9,1.0107,1.0135,0
2025-03-26,000529,5.86331824,6.0300012,5.81429384,6.00058656,11289738,68813165.35,1.9811,2.3411,0
2025-03-27,000529,6.00058656,6.0300012,5.90253776,5.96136704,7806926,47441444.21,1.3699,-0.6536,0
2025-03-28,000529,5.94175728,6.00058656,5.85351336,5.87312312,5824782,35101992.82,1.0221,-1.4803,0
2025-03-31,000529,5.81429384,5.89273288,5.70644016,5.75546456,7376335,43466496.75,1.2944,-2.0033,0
2025-04-01,000529,5.77507432,5.94175728,5.76526944,5.90253776,7109832,42696629.64,1.2476,2.5554,0
2025-04-02,000529,5.90253776,5.9319524,5.86331824,5.882928,3763480,22640552.5,0.6604,-0.3322,0
2025-04-03,000529,5.86331824,6.05941584,5.84370848,6.0300012,13993775,85502717.0,2.4555,2.5,0
2025-04-07,000529,5.89273288,6.02019632,5.4417084,5.52995232,17841875,104036871.13,3.1308,-8.2927,0
2025-04-08,000529,5.51034256,6.00058656,5.4907328,5.97117192,21829968,130091839.64,3.8306,7.9787,0
2025-04-09,000529,5.94175728,6.16726952,5.70644016,6.11824512,29332688,179560500.76,5.1471,2.4631,0
2025-04-10,000529,5.9809768,6.36336712,5.94175728,6.35356224,37891681,239557944.11,6.649,3.8462,0
2025-04-11,000529,6.2260988,6.2260988,6.03980608,6.05941584,26439554,164238351.28,4.6395,-4.6296,0
2025-04-14,000529,6.05941584,6.25551344,5.99078168,6.2260988,21444923,134870890.12,3.763,2.7508,0
2025-04-15,000529,6.19668416,6.2260988,6.0790256,6.12805,14851580,93023579.4,2.6061,-1.5748,0
2025-04-16,000529,6.11824512,6.12805,5.86331824,6.01039144,15510499,94964198.91,2.7217,-1.92,0
2025-04-17,000529,6.0300012,6.21629392,5.94175728,6.18687928,18269141,114059030.87,3.2058,2.9364,0
2025-04-18,000529,6.16726952,6.16726952,5.99078168,6.02019632,11967140,73815187.6,2.0999,-2.6941,0
2025-04-21,000529,6.02019632,6.0300012,5.9319524,6.02019632,8502387,51936400.67,1.4919,0.0,0
2025-04-22,000529,6.00058656,6.15746464,5.99078168,6.14765976,12274877,76183918.53,2.1539,2.1173,0
2025-04-23,000529,6.12805,6.13785488,5.94175728,5.95156216,13023800,79779852.99,2.2853,-3.1898,0
2025-04-24,000529,5.94175728,6.0300012,5.90253776,5.9319524,8491350,51619303.0,1.49,-0.3295,0
2025-04-25,000529,5.9319524,5.97117192,5.882928,5.882928,8372600,50467411.0,1.4692,-0.8264,0
2025-04-28,000529,5.882928,5.89273288,5.69663528,5.77507432,7410732,43565258.56,1.3004,-1.8333,0
2025-04-29,000529,5.71624504,5.9319524,5.71624504,5.882928,7533411,45089408.0,1.3219,1.8676,0
2025-04-30,000529,5.882928,5.92214752,5.76526944,5.77507432,6375611,37908404.33,1.1188,-1.8333,0
2025-05-06,000529,5.80448896,5.882928,5.76526944,5.87312312,5477300,32570796.0,0.9611,1.6978,0
2025-05-07,000529,5.92214752,5.9809768,5.85351336,5.90253776,6790972,40989384.99,1.1916,0.5008,0
2025-05-08,000529,5.86331824,5.97117192,5.86331824,5.96136704,5250300,31764660.0,0.9213,0.9967,0
2025-05-09,000529,5.96136704,5.9809768,5.92214752,5.96136704,5390700,32748947.0,0.9459,0.0,0
2025-05-12,000529,5.96136704,5.97117192,5.86331824,5.90253776,5436300,32700571.94,0.9539,-0.9868,0
2025-05-13,000529,5.94175728,5.96136704,5.882928,5.92214752,4122780,24909758.8,0.7234,0.3322,0
2025-05-14,000529,5.882928,5.94175728,5.82409872,5.9319524,4355124,26154184.93,0.7642,0.1656,0
2025-05-15,000529,5.92214752,5.9809768,5.90253776,5.96136704,6917150,42016612.2,1.2138,0.4959,0
2025-05-16,000529,5.96136704,5.96136704,5.86331824,5.90253776,5718430,34341684.1,1.0034,-0.9868,0
2025-05-19,000529,5.91234264,6.01039144,5.89273288,6.00058656,9242141,56383504.1,1.6218,1.6611,0
2025-05-20,000529,6.00058656,6.08883048,5.9809768,6.01039144,6624015,40656337.95,1.1623,0.1634,0
2025-05-21,000529,6.01039144,6.03980608,5.97117192,6.01039144,5495753,33623435.86,0.9644,0.0,0
2025-05-22,000529,5.99078168,6.00058656,5.86331824,5.882928,6235751,37657807.79,1.0942,-2.1207,0
2025-05-23,000529,5.89273288,5.96136704,5.82409872,5.8339036,6720321,40383651.75,1.1792,-0.8333,0
2025-05-26,000529,5.81429384,5.89273288,5.7848792,5.882928,4566802,27227246.85,0.8014,0.8403,0
2025-05-27,000529,5.882928,5.95156216,5.882928,5.94175728,5439802,32877445.16,0.9545,1.0,0
2025-05-28,000529,5.95156216,5.9809768,5.91234264,5.97117192,4505692,27349796.74,0.7906,0.495,0
2025-05-29,000529,5.97117192,6.02019632,5.92214752,5.9809768,5202286,31738035.5,0.9129,0.1642,0
2025-05-30,000529,5.97117192,6.04961096,5.96136704,5.99078168,6969956,42738744.56,1.223,0.1639,0
2025-06-03,000529,5.97117192,6.05941584,5.95156216,6.05941584,6318533,38841114.41,1.1087,1.1457,0
2025-06-04,000529,6.05941584,6.11824512,6.01039144,6.11824512,6398732,39664471.7,1.1228,0.9709,0
2025-06-05,000529,6.10844024,6.10844024,5.99078168,6.00058656,5899258,36347171.96,1.0352,-1.9231,0
2025-06-06,000529,6.02019632,6.0790256,6.01039144,6.05941584,4830295,29785805.0,0.8476,0.9804,0
2025-06-09,000529,6.05941584,6.11824512,6.0300012,6.11824512,5151803,31979646.8,0.904,0.9709,0
2025-06-10,000529,6.12805,6.16726952,6.02019632,6.10844024,6356228,39500502.62,1.1154,-0.1603,0
2025-06-11,000529,6.08883048,6.16726952,6.08883048,6.12805,5263200,32906909.0,0.9236,0.321,0
2025-06-12,000529,6.09863536,6.12805,6.01039144,6.06922072,4884400,30248860.0,0.8571,-0.96,0
2025-06-13,000529,6.05941584,6.08883048,5.95156216,5.9809768,5538890,33861270.37,0.9719,-1.454,0
2025-06-16,000529,5.97117192,6.05941584,5.92214752,5.99078168,5264340,32265500.18,0.9238,0.1639,0
2025-06-17,000529,5.99078168,6.03980608,5.9809768,6.02019632,3841567,23572212.05,0.6741,0.491,0
2025-06-18,000529,5.9809768,6.0300012,5.92214752,5.95156216,4381100,26588731.0,0.7688,-1.1401,0
2025-06-19,000529,5.92214752,5.95156216,5.81429384,5.8339036,5539967,33114994.65,0.9721,-1.9769,0
2025-06-20,000529,5.82409872,5.91234264,5.82409872,5.8339036,4364300,26122940.0,0.7658,0.0,0
2025-06-23,000529,5.80448896,5.90253776,5.77507432,5.89273288,3040782,18159020.18,0.5336,1.0084,0
2025-06-24,000529,5.9319524,6.02019632,5.87312312,6.02019632,5740704,34991919.48,1.0073,2.1631,0
2025-06-25,000529,6.00058656,6.04961096,5.9809768,6.03980608,5175290,31778041.1,0.9081,0.3257,0
2025-06-26,000529,6.03980608,6.06922072,5.99078168,6.0300012,4893731,30089637.74,0.8587,-0.1623,0
2025-06-27,000529,6.06,6.12,6.03,6.07,3844851,23311131.46,0.6747,0.6633,0
2025-06-30,000529,6.1,6.11,6.04,6.11,5194012,31580710.13,0.9114,0.659,0
2025-07-01,000529,6.1,6.17,6.1,6.14,4856440,29783657.8,0.8522,0.491,0
2025-07-02,000529,6.13,6.21,6.12,6.19,6770420,41867933.8,1.188,0.8143,0
2025-07-03,000529,6.23,6.23,6.16,6.2,5423412,33581676.76,0.9517,0.1616,0
2025-07-04,000529,6.24,6.24,6.15,6.19,6166900,38227734.67,1.0821,-0.1613,0
2025-07-07,000529,6.19,6.23,6.17,6.2,5390913,33438301.34,0.946,0.1616,0
2025-07-08,000529,6.21,6.26,6.17,6.24,5531108,34407261.06,0.9706,0.6452,0
2025-07-09,000529,6.26,6.3,6.23,6.25,6140221,38501511.63,1.0775,0.1603,0
2025-07-10,000529,6.24,6.31,6.23,6.27,4937600,30956558.0,0.8664,0.32,0
2025-07-11,000529,6.26,6.32,6.21,6.29,5871058,36774198.28,1.0302,0.319,0
2025-07-14,000529,6.28,6.35,6.28,6.34,5715767,36129392.03,1.003,0.7949,0
2025-07-15,000529,6.34,6.35,6.2,6.23,6633381,41531936.26,1.164,-1.735,0
2025-07-16,000529,6.26,6.3,6.22,6.27,4323836,27105542.36,0.7587,0.6421,0
2025-07-17,000529,6.32,6.37,6.23,6.25,5387021,33859550.34,0.9453,-0.319,0
2025-07-18,000529,6.26,6.29,6.19,6.29,4562440,28432497.8,0.8006,0.64,0
2025-07-21,000529,6.28,6.39,6.26,6.37,5987290,38015888.6,1.0506,1.2719,0
2025-07-22,000529,6.38,6.4,6.29,6.4,5933690,37718322.5,1.0412,0.471,0
2025-07-23,000529,6.43,6.44,6.32,6.34,5738258,36503185.43,1.0069,-0.9375,0
2025-07-24,000529,6.34,6.4,6.31,6.38,6352057,40472814.94,1.1146,0.6309,0
2025-07-25,000529,6.38,6.42,6.35,6.39,5181910,33097794.8,0.9093,0.1567,0
2025-07-28,000529,6.41,6.41,6.35,6.38,3548549,22627597.7,0.6227,-0.1565,0
2025-07-29,000529,6.4,6.41,6.23,6.27,7040700,44267576.0,1.2355,-1.7241,0
2025-07-30,000529,6.27,6.32,6.23,6.3,6761515,42484599.89,1.1865,0.4785,0
2025-07-31,000529,6.31,6.31,6.12,6.15,7184441,44409657.73,1.2607,-2.381,0
2025-08-01,000529,6.15,6.23,6.14,6.2,4628266,28662864.88,0.8121,0.813,0
2025-08-04,000529,6.18,6.25,6.15,6.21,4674405,29009945.45,0.8202,0.1613,0
2025-08-05,000529,6.24,6.29,6.22,6.26,5022160,31444635.6,0.8813,0.8052,0
2025-08-06,000529,6.28,6.28,6.19,6.22,6273561,39032090.81,1.1008,-0.639,0
2025-08-07,000529,6.2,6.25,6.19,6.24,5708666,35533529.18,1.0017,0.3215,0
2025-08-08,000529,6.24,6.29,6.19,6.29,5975401,37321645.71,1.0485,0.8013,0
2025-08-11,000529,6.34,6.38,6.27,6.34,6128909,38795964.45,1.0755,0.7949,0
2025-08-12,000529,6.35,6.41,6.3,6.32,4647577,29476664.35,0.8155,-0.3155,0
2025-08-13,000529,6.34,6.35,6.24,6.3,6541706,41141662.68,1.1479,-0.3165,0
2025-08-14,000529,6.31,6.32,6.14,6.15,9772125,60687346.05,1.7148,-2.381,0
2025-08-15,000529,6.17,6.19,6.13,6.14,9708336,59728779.36,1.7036,-0.1626,0
2025-08-18,000529,6.16,6.22,6.14,6.16,7588983,46852289.65,1.3317,0.3257,0
2025-08-19,000529,6.15,6.23,6.11,6.21,6886140,42646093.2,1.2083,0.8117,0
2025-08-20,000529,6.19,6.3,6.16,6.28,7015895,43876178.79,1.2311,1.1272,0
2025-08-21,000529,6.3,6.33,6.25,6.28,5863487,36833491.39,1.0289,0.0,0
2025-08-22,000529,6.28,6.31,6.14,6.22,9377066,58136135.87,1.6454,-0.9554,0
2025-08-25,000529,6.23,6.28,6.19,6.27,7731097,48249269.93,1.3566,0.8039,0
2025-08-26,000529,6.26,6.38,6.23,6.35,8476542,53599296.68,1.4874,1.2759,0
2025-08-27,000529,6.34,6.41,6.23,6.24,9995996,63144164.92,1.754,-1.7323,0
2025-08-28,000529,6.24,6.32,6.05,6.22,11795394,72981907.98,2.0698,-0.3205,0
2025-08-29,000529,6.22,6.37,6.22,6.28,9859349,62159865.45,1.7301,0.9646,0
2025-09-01,000529,6.27,6.38,6.17,6.36,11794971,74429371.44,2.0697,1.2739,0
2025-09-02,000529,6.36,6.56,6.29,6.4,15117673,96942159.62,2.6528,0.6289,0
2025-09-03,000529,6.37,6.4,6.11,6.15,14166115,88225946.95,2.4858,-3.9063,0
2025-09-04,000529,6.15,6.31,6.09,6.26,12318835,76801008.1,2.1616,1.7886,0
2025-09-05,000529,6.32,6.33,6.17,6.27,8653203,54061532.19,1.5184,0.1597,0
2025-09-08,000529,6.27,6.4,6.25,6.4,10936238,69651609.0,1.919,2.0734,0
2025-09-09,000529,6.38,6.43,6.33,6.39,6452620,41130328.3,1.1323,-0.1563,0
2025-09-10,000529,6.39,6.48,6.34,6.47,10229804,65701757.16,1.7951,1.252,0
2025-09-11,000529,6.45,6.55,6.4,6.55,11767444,76417301.81,2.0649,1.2365,0
2025-09-12,000529,6.53,6.55,6.43,6.46,10516604,68001870.27,1.8454,-1.374,0
2025-09-15,000529,6.52,6.58,6.44,6.5,10178561,66075472.67,1.7861,0.6192,0
2025-09-16,000529,6.48,6.51,6.37,6.43,8632182,55425875.4,1.5147,-1.0769,0
2025-09-17,000529,6.41,6.45,6.3,6.36,7993279,50768690.45,1.4026,-1.0886,0
2025-09-18,000529,6.36,6.36,6.17,6.2,11786965,73672872.7,2.0683,-2.5157,0
2025-09-19,000529,6.19,6.2,6.07,6.1,10998200,67261969.6,1.9299,-1.6129,0
2025-09-22,000529,6.12,6.12,5.96,5.98,10249589,61452582.05,1.7985,-1.9672,0
2025-09-23,000529,5.98,5.99,5.81,5.94,11218657,65934957.26,1.9686,-0.6689,0
2025-09-24,000529,5.9,6.0,5.87,6.0,6854987,40905227.99,1.2029,1.0101,0
2025-09-25,000529,5.96,6.0,5.9,5.95,6615006,39272179.57,1.1608,-0.8333,0
2025-09-26,000529,5.91,6.01,5.87,5.97,6277475,37478926.28,1.1015,0.3361,0
2025-09-29,000529,5.95,6.0,5.84,5.99,5993051,35589689.95,1.0516,0.335,0
2025-09-30,000529,6.0,6.0,5.94,5.95,4671098,27858168.08,0.8197,-0.6678,0
2025-10-09,000529,5.95,5.95,5.87,5.92,6974597,41187870.14,1.2239,-0.5042,0
2025-10-10,000529,5.91,6.03,5.9,5.99,8388771,50186701.27,1.472,1.1824,0
2025-10-13,000529,5.9,5.98,5.86,5.94,6254610,37136149.2,1.0975,-0.8347,0
2025-10-14,000529,5.94,6.02,5.94,6.01,7839170,46954494.2,1.3756,1.1785,0
2025-10-15,000529,6.0,6.07,5.97,6.04,5956708,35951013.56,1.0452,0.4992,0
2025-10-16,000529,6.05,6.07,5.99,6.01,5071736,30531767.0,0.89,-0.4967,0
2025-10-17,000529,6.0,6.04,5.98,5.99,5645893,33953370.6,0.9907,-0.3328,0
2025-10-20,000529,6.03,6.05,5.97,6.05,5930892,35656705.05,1.0407,1.0017,0
2025-10-21,000529,6.03,6.11,6.03,6.1,6789464,41237738.4,1.1914,0.8264,0
2025-10-22,000529,6.11,6.19,6.08,6.15,7937914,48852578.82,1.3929,0.8197,0
2025-10-23,000529,6.15,6.2,6.09,6.19,6315171,38939452.47,1.1081,0.6504,0
2025-10-24,000529,6.19,6.21,6.08,6.1,6761000,41448616.0,1.1864,-1.454,0
2025-10-27,000529,6.11,6.17,6.03,6.13,7002564,42764127.48,1.2288,0.4918,0
2025-10-28,000529,6.13,6.17,6.11,6.14,4983444,30649590.16,0.8745,0.1631,0
2025-10-29,000529,6.08,6.08,5.89,5.93,15220173,90343231.21,2.6707,-3.4202,0
2025-10-30,000529,5.94,5.97,5.89,5.9,9795766,58009518.43,1.7189,-0.5059,0
2025-10-31,000529,5.9,5.95,5.89,5.92,6949685,41184424.5,1.2195,0.339,0
2025-11-03,000529,5.93,6.01,5.92,5.99,7534738,44970275.64,1.3222,1.1824,0
2025-11-04,000529,5.99,6.03,5.95,6.01,5599361,33575305.8,0.9825,0.3339,0
2025-11-05,000529,6.0,6.1,5.97,6.08,7477038,45322663.64,1.312,1.1647,0
2025-11-06,000529,6.08,6.11,6.03,6.08,6879622,41840888.88,1.2072,0.0,0
2025-11-07,000529,6.08,6.13,6.06,6.11,5000500,30552207.0,0.8775,0.4934,0
2025-11-10,000529,6.12,6.19,6.08,6.18,7128041,43917416.66,1.2508,1.1457,0
2025-11-11,000529,6.18,6.25,6.15,6.24,7768591,48248184.31,1.3632,0.9709,0
2025-11-12,000529,6.22,6.26,6.19,6.21,6500481,40429883.82,1.1407,-0.4808,0
2025-11-13,000529,6.22,6.27,6.16,6.25,5726754,35597803.86,1.0049,0.6441,0
2025-11-14,000529,6.25,6.32,6.21,6.22,7150818,44761218.1,1.2548,-0.48,0
2025-11-17,000529,6.25,6.29,6.19,6.25,6700014,41813312.4,1.1757,0.4823,0
2025-11-18,000529,6.25,6.3,6.17,6.22,5435781,33783150.79,0.9538,-0.48,0
2025-11-19,000529,6.24,6.34,6.17,6.3,10217537,63815040.73,1.7929,1.2862,0
2025-11-20,000529,6.26,6.29,6.09,6.17,7619566,47005479.56,1.337,-2.0635,0
2025-11-21,000529,6.11,6.21,5.98,5.99,8974741,54519285.57,1.5748,-2.9173,0
2025-11-24,000529,6.05,6.17,6.0,6.15,8389070,51147570.0,1.4721,2.6711,0
2025-11-25,000529,6.18,6.2,6.09,6.16,6557041,40243468.36,1.1506,0.1626,0
2025-11-26,000529,6.15,6.57,6.13,6.25,27384242,172459511.35,4.8052,1.461,0
2025-11-27,000529,6.24,6.3,6.18,6.21,16890147,105154541.85,2.9638,-0.64,0
2025-11-28,000529,6.21,6.25,6.09,6.25,12971584,80118458.28,2.2762,0.6441,0
2025-12-01,000529,6.25,6.32,6.22,6.26,10652234,66704383.54,1.8692,0.16,0
2025-12-02,000529,6.24,6.37,6.23,6.35,13658321,86364816.48,2.3967,1.4377,0
2025-12-03,000529,6.39,6.39,6.26,6.3,10410091,65603770.01,1.8267,-0.7874,0
2025-12-04,000529,6.3,6.32,6.13,6.15,9489533,58779032.95,1.6652,-2.381,0
2025-12-05,000529,6.15,6.33,6.09,6.32,10860371,67947831.49,1.9057,2.7642,0
2025-12-08,000529,6.32,6.32,6.25,6.28,8282710,51985225.6,1.4534,-0.6329,0
2025-12-09,000529,6.26,6.31,6.14,6.26,8447600,52717550.0,1.4823,-0.3185,0
2025-12-10,000529,6.23,6.3,6.14,6.18,8333901,51745414.05,1.4624,-1.278,0
2025-12-11,000529,6.19,6.22,5.98,5.99,12126300,73123235.0,2.1279,-3.0744,0
2025-12-12,000529,6.01,6.06,5.94,5.97,9764168,58548558.08,1.7134,-0.3339,0
2025-12-15,000529,5.99,6.05,5.96,6.02,6899200,41523275.7,1.2106,0.8375,0
2025-12-16,000529,5.99,6.12,5.93,5.96,8458700,50805590.84,1.4843,-0.9967,0
2025-12-17,000529,6.05,6.1,5.81,5.89,11721657,69356888.8,2.0568,-1.1745,0
2025-12-18,000529,5.86,6.03,5.84,5.98,8889550,53086645.6,1.5599,1.528,0
2025-12-19,000529,5.97,6.17,5.94,6.16,11025983,67314691.29,1.9348,3.01,0
2025-12-22,000529,6.18,6.19,6.12,6.15,7800064,47930612.96,1.3687,-0.1623,0
2025-12-23,000529,6.12,6.2,6.08,6.1,6118147,37390172.08,1.0736,-0.813,0
2025-12-24,000529,6.08,6.12,6.05,6.1,5123701,31186808.89,0.8991,0.0,0
2025-12-25,000529,6.1,6.27,6.06,6.13,8842335,54348721.49,1.5516,0.4918,0
2025-12-26,000529,6.14,6.39,6.09,6.22,15932463,99257017.89,2.7957,1.4682,0
2025-12-29,000529,6.22,6.26,6.13,6.16,8402531,51882417.14,1.4744,-0.9646,0
2025-12-30,000529,6.13,6.16,6.03,6.03,8621701,52401250.49,1.5129,-2.1104,0
2025-12-31,000529,6.03,6.07,5.96,6.01,6473801,38915287.0,1.136,-0.3317,0
