date,股票代码,open,close,high,low,volume,amount,振幅,pct_chg,涨跌额,turnover_rate,code
2023-01-03,000006,6.11,6.03,6.17,5.89,1066477,650673926.17,4.51,-2.9,-0.18,7.9,000006
2023-01-04,000006,6.03,6.07,6.34,5.93,1375251,858082790.56,6.8,0.66,0.04,10.19,000006
2023-01-05,000006,6.03,5.83,6.07,5.79,1137287,678287368.19,4.61,-3.95,-0.24,8.42,000006
2023-01-06,000006,5.97,5.65,6.0,5.62,899285,524128326.38,6.52,-3.09,-0.18,6.66,000006
2023-01-09,000006,5.57,5.61,5.7,5.55,596253,340250406.62,2.65,-0.71,-0.04,4.42,000006
2023-01-10,000006,5.6,5.53,5.61,5.48,541390,304118455.96,2.32,-1.43,-0.08,4.01,000006
2023-01-11,000006,5.58,5.58,5.64,5.52,611499,347302883.7,2.17,0.9,0.05,4.53,000006
2023-01-12,000006,5.52,5.45,5.56,5.39,464731,258409817.04,3.05,-2.33,-0.13,3.44,000006
2023-01-13,000006,5.47,5.43,5.47,5.33,403604,220870195.54,2.57,-0.37,-0.02,2.99,000006
2023-01-16,000006,5.36,5.31,5.4,5.29,479654,259500716.08,2.03,-2.21,-0.12,3.55,000006
2023-01-17,000006,5.3,5.28,5.36,5.25,445884,240381659.37,2.07,-0.56,-0.03,3.3,000006
2023-01-18,000006,5.38,5.28,5.38,5.26,285409,154024478.36,2.27,0.0,0.0,2.11,000006
2023-01-19,000006,5.23,5.27,5.34,5.21,336663,180526655.62,2.46,-0.19,-0.01,2.49,000006
2023-01-20,000006,5.3,5.46,5.46,5.27,490388,268320626.53,3.61,3.61,0.19,3.63,000006
2023-01-30,000006,5.54,5.49,5.55,5.41,462612,256587138.65,2.56,0.55,0.03,3.43,000006
2023-01-31,000006,5.45,5.55,5.55,5.34,447188,248850778.66,3.83,1.09,0.06,3.31,000006
2023-02-01,000006,5.55,5.49,5.55,5.42,438520,243199893.66,2.34,-1.08,-0.06,3.25,000006
2023-02-02,000006,5.42,5.44,5.53,5.33,586404,323084458.67,3.64,-0.91,-0.05,4.34,000006
2023-02-03,000006,5.42,5.38,5.46,5.33,317679,173669192.76,2.39,-1.1,-0.06,2.35,000006
2023-02-06,000006,5.34,5.3,5.4,5.3,280322,151726674.31,1.86,-1.49,-0.08,2.08,000006
2023-02-07,000006,5.3,5.33,5.41,5.28,377660,205284544.36,2.45,0.57,0.03,2.8,000006
2023-02-08,000006,5.3,5.38,5.45,5.29,457298,250301053.22,3.0,0.94,0.05,3.39,000006
2023-02-09,000006,5.34,5.5,5.53,5.29,534171,294996570.59,4.46,2.23,0.12,3.96,000006
2023-02-10,000006,5.5,5.77,5.77,5.46,969340,557478486.38,5.64,4.91,0.27,7.18,000006
2023-02-13,000006,5.77,5.67,5.77,5.52,659529,377903894.97,4.33,-1.73,-0.1,4.89,000006
2023-02-14,000006,5.66,5.63,5.76,5.6,439745,252509213.08,2.82,-0.71,-0.04,3.26,000006
2023-02-15,000006,5.63,5.48,5.63,5.47,467679,262309783.55,2.84,-2.66,-0.15,3.46,000006
2023-02-16,000006,5.48,5.25,5.54,5.21,520518,285683993.46,6.02,-4.2,-0.23,3.86,000006
2023-02-17,000006,5.25,5.27,5.3,5.22,317213,169821292.62,1.52,0.38,0.02,2.35,000006
2023-02-20,000006,5.27,5.28,5.28,5.13,295645,156605642.05,2.85,0.19,0.01,2.19,000006
2023-02-21,000006,5.39,5.73,5.82,5.37,1490447,856007865.65,8.52,8.52,0.45,11.04,000006
2023-02-22,000006,5.74,5.98,6.06,5.55,1579958,938862885.22,8.9,4.36,0.25,11.7,000006
2023-02-23,000006,5.89,5.85,6.03,5.81,932828,557784581.17,3.68,-2.17,-0.13,6.91,000006
2023-02-24,000006,5.82,5.79,5.89,5.7,546663,320689798.25,3.25,-1.03,-0.06,4.05,000006
2023-02-27,000006,5.83,5.63,5.88,5.6,533276,308984472.33,4.84,-2.76,-0.16,3.95,000006
2023-02-28,000006,5.65,5.64,5.66,5.53,402411,228473329.43,2.31,0.18,0.01,2.98,000006
2023-03-01,000006,5.59,5.68,5.7,5.55,408148,233659714.55,2.66,0.71,0.04,3.02,000006
2023-03-02,000006,5.66,5.62,5.66,5.57,342376,194869515.24,1.58,-1.06,-0.06,2.54,000006
2023-03-03,000006,5.59,5.78,5.82,5.59,620999,361721824.29,4.09,2.85,0.16,4.6,000006
2023-03-06,000006,5.71,5.56,5.73,5.54,474719,270060893.59,3.29,-3.81,-0.22,3.52,000006
2023-03-07,000006,5.57,5.42,5.59,5.41,372564,207840813.68,3.24,-2.52,-0.14,2.76,000006
2023-03-08,000006,5.42,5.47,5.47,5.38,179313,99037907.38,1.66,0.92,0.05,1.33,000006
2023-03-09,000006,5.47,5.45,5.48,5.37,193809,106788050.84,2.01,-0.37,-0.02,1.44,000006
2023-03-10,000006,5.39,5.56,5.69,5.27,565038,314845767.31,7.71,2.02,0.11,4.19,000006
2023-03-13,000006,5.41,5.37,5.47,5.33,310807,170167901.92,2.52,-3.42,-0.19,2.3,000006
2023-03-14,000006,5.33,5.26,5.35,5.22,249745,134152647.57,2.42,-2.05,-0.11,1.85,000006
2023-03-15,000006,5.26,5.29,5.33,5.26,165447,89174968.37,1.33,0.57,0.03,1.23,000006
2023-03-16,000006,5.25,5.3,5.38,5.23,185700,100406272.04,2.84,0.19,0.01,1.38,000006
2023-03-17,000006,5.34,5.3,5.37,5.29,200482,108576579.89,1.51,0.0,0.0,1.49,000006
2023-03-20,000006,5.32,5.22,5.34,5.21,203878,109239450.74,2.45,-1.51,-0.08,1.51,000006
2023-03-21,000006,5.21,5.23,5.24,5.16,150213,79637476.3,1.53,0.19,0.01,1.11,000006
2023-03-22,000006,5.24,5.25,5.29,5.21,174221,93032001.82,1.53,0.38,0.02,1.29,000006
2023-03-23,000006,5.22,5.21,5.24,5.17,171900,90876840.95,1.33,-0.76,-0.04,1.27,000006
2023-03-24,000006,5.21,5.32,5.32,5.14,312571,166267569.18,3.45,2.11,0.11,2.32,000006
2023-03-27,000006,5.26,5.19,5.26,5.15,203527,107471217.46,2.07,-2.44,-0.13,1.51,000006
2023-03-28,000006,5.23,5.15,5.24,5.14,146423,77070898.73,1.93,-0.77,-0.04,1.08,000006
2023-03-29,000006,5.13,5.0,5.17,4.99,253141,130115540.36,3.5,-2.91,-0.15,1.88,000006
2023-03-30,000006,4.96,4.95,4.98,4.87,200059,100282501.98,2.2,-1.0,-0.05,1.48,000006
2023-03-31,000006,4.95,4.99,5.0,4.94,124734,63216059.6,1.21,0.81,0.04,0.92,000006
2023-04-03,000006,4.99,5.03,5.07,4.95,191629,98138775.12,2.4,0.8,0.04,1.42,000006
2023-04-04,000006,5.02,4.92,5.04,4.9,198111,99902901.7,2.78,-2.19,-0.11,1.47,000006
2023-04-06,000006,4.92,4.93,4.97,4.86,139133,69746313.0,2.24,0.2,0.01,1.03,000006
2023-04-07,000006,4.91,5.07,5.14,4.91,342550,176811755.57,4.67,2.84,0.14,2.54,000006
2023-04-10,000006,5.05,4.94,5.05,4.92,231145,116641620.43,2.56,-2.56,-0.13,1.71,000006
2023-04-11,000006,4.94,5.08,5.09,4.9,257275,131712537.27,3.85,2.83,0.14,1.91,000006
2023-04-12,000006,5.09,5.07,5.11,5.0,185755,95469066.0,2.17,-0.2,-0.01,1.38,000006
2023-04-13,000006,5.06,5.07,5.11,5.02,153598,79195152.22,1.78,0.0,0.0,1.14,000006
2023-04-14,000006,5.09,5.02,5.13,5.01,173112,89130043.37,2.37,-0.99,-0.05,1.28,000006
2023-04-17,000006,5.01,5.02,5.03,4.95,138260,70305940.58,1.59,0.0,0.0,1.02,000006
2023-04-18,000006,5.02,4.97,5.05,4.97,104507,53227626.41,1.59,-1.0,-0.05,0.77,000006
2023-04-19,000006,4.96,4.87,4.97,4.87,181808,90913574.79,2.01,-2.01,-0.1,1.35,000006
2023-04-20,000006,4.88,4.82,4.88,4.78,164183,80478661.99,2.05,-1.03,-0.05,1.22,000006
2023-04-21,000006,4.87,4.7,4.93,4.69,208792,102311393.53,4.98,-2.49,-0.12,1.55,000006
2023-04-24,000006,4.66,4.67,4.75,4.6,131528,62565578.48,3.19,-0.64,-0.03,0.97,000006
2023-04-25,000006,4.67,4.6,4.7,4.52,177948,83285264.98,3.85,-1.5,-0.07,1.32,000006
2023-04-26,000006,4.55,4.61,4.66,4.53,122235,57245846.53,2.83,0.22,0.01,0.91,000006
2023-04-27,000006,4.58,4.61,4.66,4.56,103664,48918826.21,2.17,0.0,0.0,0.77,000006
2023-04-28,000006,4.63,4.75,4.76,4.59,170414,81993351.81,3.69,3.04,0.14,1.26,000006
2023-05-04,000006,4.69,4.76,4.78,4.65,177148,85494435.38,2.74,0.21,0.01,1.31,000006
2023-05-05,000006,4.76,4.84,4.88,4.73,224704,110281762.06,3.15,1.68,0.08,1.66,000006
2023-05-08,000006,4.77,4.82,4.84,4.7,221979,107974439.52,2.89,-0.41,-0.02,1.64,000006
2023-05-09,000006,4.8,4.79,4.92,4.79,176416,87184863.9,2.7,-0.62,-0.03,1.31,000006
2023-05-10,000006,4.8,4.93,5.04,4.72,327679,162579248.63,6.68,2.92,0.14,2.43,000006
2023-05-11,000006,4.83,4.8,4.92,4.75,321866,157797887.6,3.45,-2.64,-0.13,2.38,000006
2023-05-12,000006,4.77,4.72,4.81,4.72,159687,77338339.13,1.88,-1.67,-0.08,1.18,000006
2023-05-15,000006,4.7,4.73,4.75,4.62,157637,75256228.62,2.75,0.21,0.01,1.17,000006
2023-05-16,000006,4.74,4.62,4.74,4.61,123845,58785365.7,2.75,-2.33,-0.11,0.92,000006
2023-05-17,000006,4.59,4.63,4.66,4.56,73817,34826700.0,2.16,0.22,0.01,0.55,000006
2023-05-18,000006,4.61,4.63,4.68,4.61,98457,46564692.0,1.51,0.0,0.0,0.73,000006
2023-05-19,000006,4.64,4.56,4.64,4.54,109917,51208161.36,2.16,-1.51,-0.07,0.81,000006
2023-05-22,000006,4.56,4.61,4.65,4.49,145073,67628552.34,3.51,1.1,0.05,1.07,000006
2023-05-23,000006,4.59,4.58,4.67,4.58,92273,43459742.88,1.95,-0.65,-0.03,0.68,000006
2023-05-24,000006,4.6,4.53,4.61,4.53,99688,46452088.03,1.75,-1.09,-0.05,0.74,000006
2023-05-25,000006,4.56,4.6,4.62,4.53,126351,58926906.8,1.99,1.55,0.07,0.94,000006
2023-05-26,000006,4.6,4.61,4.63,4.54,84374,39481500.0,1.96,0.22,0.01,0.62,000006
2023-05-29,000006,4.61,4.52,4.63,4.51,89713,41625342.3,2.6,-1.95,-0.09,0.66,000006
2023-05-30,000006,4.54,4.55,4.57,4.4,131567,59995332.53,3.76,0.66,0.03,0.97,000006
2023-05-31,000006,4.53,4.53,4.58,4.5,89548,41440500.83,1.76,-0.44,-0.02,0.66,000006
2023-06-01,000006,4.51,4.47,4.53,4.46,79085,36231462.0,1.55,-1.32,-0.06,0.59,000006
2023-06-02,000006,4.53,4.66,4.69,4.5,206783,97303843.8,4.25,4.25,0.19,1.53,000006
2023-06-05,000006,4.62,4.61,4.64,4.56,107575,50390858.8,1.72,-1.07,-0.05,0.8,000006
2023-06-06,000006,4.6,4.63,4.75,4.6,213944,102073857.36,3.25,0.43,0.02,1.58,000006
2023-06-07,000006,4.66,4.68,4.78,4.61,200719,96087658.72,3.67,1.08,0.05,1.49,000006
2023-06-08,000006,4.66,4.76,4.84,4.63,257195,124572689.43,4.49,1.71,0.08,1.91,000006
2023-06-09,000006,4.73,4.72,4.78,4.67,185704,89281760.15,2.31,-0.84,-0.04,1.38,000006
2023-06-12,000006,4.71,4.7,4.75,4.62,119560,57055555.74,2.75,-0.42,-0.02,0.89,000006
2023-06-13,000006,4.7,4.68,4.75,4.67,117222,56240513.28,1.7,-0.43,-0.02,0.87,000006
2023-06-14,000006,4.68,4.64,4.71,4.64,91414,43440224.83,1.5,-0.85,-0.04,0.68,000006
2023-06-15,000006,4.65,4.67,4.7,4.63,129301,61504511.42,1.51,0.65,0.03,0.96,000006
2023-06-16,000006,4.66,4.7,4.77,4.66,109222,52498886.0,2.36,0.64,0.03,0.81,000006
2023-06-19,000006,4.71,4.54,4.73,4.54,189624,88651144.59,4.04,-3.4,-0.16,1.4,000006
2023-06-20,000006,4.52,4.42,4.54,4.41,129490,58828839.0,2.86,-2.64,-0.12,0.96,000006
2023-06-21,000006,4.41,4.29,4.45,4.29,141247,62928083.72,3.62,-2.94,-0.13,1.05,000006
2023-06-26,000006,4.28,4.22,4.29,4.21,109522,47495717.77,1.86,-1.63,-0.07,0.81,000006
2023-06-27,000006,4.22,4.38,4.39,4.22,156276,69160396.96,4.03,3.79,0.16,1.16,000006
2023-06-28,000006,4.39,4.35,4.4,4.29,97723,42381109.15,2.51,-0.68,-0.03,0.72,000006
2023-06-29,000006,4.34,4.33,4.36,4.3,80642,34892599.0,1.38,-0.46,-0.02,0.6,000006
2023-06-30,000006,4.34,4.37,4.44,4.31,89340,39219151.0,3.0,0.92,0.04,0.66,000006
2023-07-03,000006,4.39,4.42,4.46,4.38,103744,45852683.28,1.83,1.14,0.05,0.77,000006
2023-07-04,000006,4.41,4.37,4.42,4.36,76113,33356539.06,1.36,-1.13,-0.05,0.56,000006
2023-07-05,000006,4.36,4.37,4.42,4.35,58961,25861971.53,1.6,0.0,0.0,0.44,000006
2023-07-06,000006,4.36,4.42,4.44,4.34,96311,42377659.34,2.29,1.14,0.05,0.71,000006
2023-07-07,000006,4.4,4.44,4.46,4.38,86416,38252317.95,1.81,0.45,0.02,0.64,000006
2023-07-10,000006,4.43,4.43,4.48,4.41,74637,33112745.38,1.58,-0.23,-0.01,0.55,000006
2023-07-11,000006,4.48,4.42,4.5,4.39,85287,37735638.38,2.48,-0.23,-0.01,0.63,000006
2023-07-12,000006,4.42,4.35,4.42,4.33,84277,36766842.66,2.04,-1.58,-0.07,0.62,000006
2023-07-13,000006,4.35,4.37,4.39,4.34,71288,31117117.67,1.15,0.46,0.02,0.53,000006
2023-07-14,000006,4.36,4.39,4.43,4.36,78537,34467457.79,1.6,0.46,0.02,0.58,000006
2023-07-17,000006,4.37,4.36,4.38,4.3,81290,35265422.9,1.82,-0.68,-0.03,0.6,000006
2023-07-18,000006,4.34,4.41,4.42,4.3,110175,48159138.42,2.75,1.15,0.05,0.82,000006
2023-07-19,000006,4.4,4.45,4.47,4.38,111405,49480212.84,2.04,0.91,0.04,0.83,000006
2023-07-20,000006,4.45,4.48,4.54,4.43,146905,66009749.52,2.47,0.67,0.03,1.09,000006
2023-07-21,000006,4.48,4.56,4.59,4.45,214521,97686577.32,3.13,1.79,0.08,1.59,000006
2023-07-24,000006,4.71,4.63,4.8,4.53,445124,206637743.58,5.92,1.54,0.07,3.3,000006
2023-07-25,000006,4.61,4.87,4.88,4.59,659226,316618175.5,6.26,5.18,0.24,4.88,000006
2023-07-26,000006,4.82,4.92,5.15,4.8,893869,444521871.55,7.19,1.03,0.05,6.62,000006
2023-07-27,000006,4.84,4.94,5.08,4.76,713839,353195880.24,6.5,0.41,0.02,5.29,000006
2023-07-28,000006,4.94,4.99,5.05,4.9,465425,231334344.36,3.04,1.01,0.05,3.45,000006
2023-07-31,000006,5.09,5.11,5.21,5.07,611451,314502269.42,2.81,2.4,0.12,4.53,000006
2023-08-01,000006,5.1,5.1,5.18,5.02,410871,209986461.8,3.13,-0.2,-0.01,3.04,000006
2023-08-02,000006,5.09,5.17,5.27,5.07,462685,240134220.95,3.92,1.37,0.07,3.43,000006
2023-08-03,000006,5.11,5.25,5.32,5.06,482518,251031808.23,5.03,1.55,0.08,3.57,000006
2023-08-04,000006,5.29,5.19,5.32,5.16,423586,220949262.79,3.05,-1.14,-0.06,3.14,000006
2023-08-07,000006,5.11,5.05,5.15,5.01,331698,167919646.33,2.7,-2.7,-0.14,2.46,000006
2023-08-08,000006,5.05,4.97,5.11,4.95,203578,101791537.0,3.17,-1.58,-0.08,1.51,000006
2023-08-09,000006,4.95,4.97,5.02,4.93,188882,93983895.59,1.81,0.0,0.0,1.4,000006
2023-08-10,000006,4.96,5.3,5.47,4.94,1321976,703740970.72,10.66,6.64,0.33,9.79,000006
2023-08-11,000006,5.83,5.83,5.83,5.5,1919218,1109479217.27,6.23,10.0,0.53,14.22,000006
2023-08-14,000006,5.4,5.25,5.48,5.25,1515619,802830162.09,3.95,-9.95,-0.58,11.23,000006
2023-08-15,000006,5.06,5.4,5.64,5.01,1504005,793260940.0,12.0,2.86,0.15,11.14,000006
2023-08-16,000006,5.3,5.87,5.94,5.27,2241121,1283090431.38,12.41,8.7,0.47,16.6,000006
2023-08-17,000006,5.64,5.7,5.89,5.52,1595766,907757677.75,6.3,-2.9,-0.17,11.82,000006
2023-08-18,000006,5.71,5.39,5.82,5.38,1163484,648698863.8,7.72,-5.44,-0.31,8.62,000006
2023-08-21,000006,5.42,5.32,5.66,5.31,778241,422042162.22,6.49,-1.3,-0.07,5.76,000006
2023-08-22,000006,5.26,5.58,5.69,5.23,1104002,604923008.73,8.65,4.89,0.26,8.18,000006
2023-08-23,000006,5.4,5.38,5.61,5.31,834730,454575176.84,5.38,-3.58,-0.2,6.18,000006
2023-08-24,000006,5.37,5.37,5.59,5.13,830321,442763276.74,8.55,-0.19,-0.01,6.15,000006
2023-08-25,000006,5.3,5.3,5.47,5.19,929753,497736823.18,5.21,-1.3,-0.07,6.89,000006
2023-08-28,000006,5.65,5.59,5.79,5.42,1480726,836045006.14,6.98,5.47,0.29,10.97,000006
2023-08-29,000006,5.51,6.0,6.1,5.48,1524857,883097588.35,11.09,7.33,0.41,11.3,000006
2023-08-30,000006,5.8,5.81,5.92,5.68,1060376,613600489.97,4.0,-3.17,-0.19,7.85,000006
2023-08-31,000006,5.84,5.23,5.84,5.23,1153349,624672901.4,10.5,-9.98,-0.58,8.54,000006
2023-09-01,000006,5.26,4.96,5.35,4.86,978933,497844883.97,9.37,-5.16,-0.27,7.25,000006
2023-09-04,000006,5.02,4.96,5.09,4.91,606756,302245075.0,3.63,0.0,0.0,4.49,000006
2023-09-05,000006,4.96,4.72,4.96,4.68,610585,289314617.05,5.65,-4.84,-0.24,4.52,000006
2023-09-06,000006,4.72,4.82,4.87,4.64,521307,248934211.74,4.87,2.12,0.1,3.86,000006
2023-09-07,000006,4.77,4.79,4.91,4.75,441776,213548181.28,3.32,-0.62,-0.03,3.27,000006
2023-09-08,000006,4.75,4.7,4.77,4.65,301801,141559297.56,2.51,-1.88,-0.09,2.24,000006
2023-09-11,000006,4.69,4.69,4.72,4.59,294057,136906003.23,2.77,-0.21,-0.01,2.18,000006
2023-09-12,000006,4.69,4.71,4.74,4.65,245227,115259295.98,1.92,0.43,0.02,1.82,000006
2023-09-13,000006,4.71,4.73,4.78,4.68,243291,114929384.81,2.12,0.42,0.02,1.8,000006
2023-09-14,000006,4.72,4.65,4.74,4.63,209590,97885687.62,2.33,-1.69,-0.08,1.55,000006
2023-09-15,000006,4.68,4.68,4.72,4.64,150780,70458223.97,1.72,0.65,0.03,1.12,000006
2023-09-18,000006,4.61,4.64,4.67,4.6,161882,74948669.8,1.5,-0.85,-0.04,1.2,000006
2023-09-19,000006,4.64,4.59,4.65,4.59,141138,65069603.72,1.29,-1.08,-0.05,1.05,000006
2023-09-20,000006,4.6,4.59,4.67,4.56,139887,64698202.69,2.4,0.0,0.0,1.04,000006
2023-09-21,000006,4.59,4.6,4.69,4.59,195313,90418900.31,2.18,0.22,0.01,1.45,000006
2023-09-22,000006,4.58,4.68,4.69,4.56,236467,109668990.76,2.83,1.74,0.08,1.75,000006
2023-09-25,000006,4.68,4.52,4.68,4.5,237273,107795792.63,3.85,-3.42,-0.16,1.76,000006
2023-09-26,000006,4.52,4.51,4.56,4.51,112072,50811998.21,1.11,-0.22,-0.01,0.83,000006
2023-09-27,000006,4.51,4.52,4.55,4.49,124158,56325849.07,1.33,0.22,0.01,0.92,000006
2023-09-28,000006,4.56,4.54,4.56,4.51,112723,51106966.23,1.11,0.44,0.02,0.83,000006
2023-10-09,000006,4.54,4.39,4.54,4.37,211662,93482371.03,3.74,-3.3,-0.15,1.57,000006
2023-10-10,000006,4.4,4.38,4.45,4.37,116335,51189513.88,1.82,-0.23,-0.01,0.86,000006
2023-10-11,000006,4.38,4.4,4.44,4.32,209090,91732439.0,2.74,0.46,0.02,1.55,000006
2023-10-12,000006,4.4,4.44,4.47,4.37,145127,64234106.58,2.27,0.91,0.04,1.08,000006
2023-10-13,000006,4.42,4.39,4.44,4.36,133531,58649445.94,1.8,-1.13,-0.05,0.99,000006
2023-10-16,000006,4.39,4.32,4.44,4.27,287179,124563880.06,3.87,-1.59,-0.07,2.13,000006
2023-10-17,000006,4.33,4.28,4.34,4.25,127560,54638006.27,2.08,-0.93,-0.04,0.94,000006
2023-10-18,000006,4.3,4.21,4.31,4.21,147203,62530380.77,2.34,-1.64,-0.07,1.09,000006
2023-10-19,000006,4.18,4.21,4.27,4.18,149103,63147793.0,2.14,0.0,0.0,1.1,000006
2023-10-20,000006,4.21,4.25,4.32,4.17,159343,67979073.0,3.56,0.95,0.04,1.18,000006
2023-10-23,000006,4.22,4.16,4.24,4.13,154556,64380070.14,2.59,-2.12,-0.09,1.14,000006
2023-10-24,000006,4.18,4.27,4.3,4.17,139869,59470923.24,3.13,2.64,0.11,1.04,000006
2023-10-25,000006,4.31,4.33,4.38,4.3,183472,79646371.23,1.87,1.41,0.06,1.36,000006
2023-10-26,000006,4.3,4.28,4.3,4.24,114340,48794192.34,1.39,-1.15,-0.05,0.85,000006
2023-10-27,000006,4.3,4.32,4.34,4.26,128209,55246635.89,1.87,0.93,0.04,0.95,000006
2023-10-30,000006,4.31,4.32,4.38,4.28,171526,74171597.06,2.31,0.0,0.0,1.27,000006
2023-10-31,000006,4.32,4.32,4.36,4.25,166555,71704729.76,2.55,0.0,0.0,1.23,000006
2023-11-01,000006,4.33,4.36,4.38,4.28,193488,83789926.97,2.31,0.93,0.04,1.43,000006
2023-11-02,000006,4.35,4.38,4.42,4.32,274209,120084703.39,2.29,0.46,0.02,2.03,000006
2023-11-03,000006,4.37,4.41,4.42,4.36,200271,87959444.69,1.37,0.68,0.03,1.48,000006
2023-11-06,000006,4.41,4.5,4.52,4.39,227382,101724014.38,2.95,2.04,0.09,1.68,000006
2023-11-07,000006,4.5,4.48,4.54,4.46,155599,69746492.72,1.78,-0.44,-0.02,1.15,000006
2023-11-08,000006,4.48,4.5,4.56,4.47,205040,92632455.94,2.01,0.45,0.02,1.52,000006
2023-11-09,000006,4.52,4.47,4.58,4.46,238751,108123837.98,2.67,-0.67,-0.03,1.77,000006
2023-11-10,000006,4.47,4.47,4.5,4.41,169680,75432867.04,2.01,0.0,0.0,1.26,000006
2023-11-13,000006,4.46,4.52,4.54,4.44,196604,88220064.43,2.24,1.12,0.05,1.46,000006
2023-11-14,000006,4.51,4.55,4.56,4.5,175397,79525298.65,1.33,0.66,0.03,1.3,000006
2023-11-15,000006,4.59,4.52,4.61,4.5,156388,71136872.9,2.42,-0.66,-0.03,1.16,000006
2023-11-16,000006,4.5,4.52,4.53,4.46,159866,71957806.13,1.55,0.0,0.0,1.18,000006
2023-11-17,000006,4.48,4.5,4.53,4.47,120560,54165453.0,1.33,-0.44,-0.02,0.89,000006
2023-11-20,000006,4.52,4.51,4.56,4.49,137914,62365452.0,1.56,0.22,0.01,1.02,000006
2023-11-21,000006,4.71,4.96,4.96,4.71,477079,233138102.23,5.54,9.98,0.45,3.53,000006
2023-11-22,000006,5.46,5.46,5.46,5.46,217963,119007923.58,0.0,10.08,0.5,1.61,000006
2023-11-23,000006,5.3,5.05,5.43,5.02,1673280,866814307.61,7.51,-7.51,-0.41,12.39,000006
2023-11-24,000006,5.07,4.88,5.16,4.83,1007005,501524675.07,6.53,-3.37,-0.17,7.46,000006
2023-11-27,000006,4.76,4.68,4.82,4.63,663754,311750721.82,3.89,-4.1,-0.2,4.92,000006
2023-11-28,000006,4.68,4.67,4.73,4.62,397380,185699288.41,2.35,-0.21,-0.01,2.94,000006
2023-11-29,000006,4.68,4.59,4.68,4.56,356451,163948275.0,2.57,-1.71,-0.08,2.64,000006
2023-11-30,000006,4.57,4.63,4.73,4.54,470346,217483046.42,4.14,0.87,0.04,3.48,000006
2023-12-01,000006,4.61,4.67,4.69,4.56,330263,153429571.49,2.81,0.86,0.04,2.45,000006
2023-12-04,000006,4.64,4.65,4.7,4.59,263559,122236832.1,2.36,-0.43,-0.02,1.95,000006
2023-12-05,000006,4.65,4.61,4.74,4.6,287366,134100339.47,3.01,-0.86,-0.04,2.13,000006
2023-12-06,000006,4.63,4.79,4.82,4.59,568351,269944471.76,4.99,3.9,0.18,4.21,000006
2023-12-07,000006,4.78,4.82,4.88,4.75,576742,278443231.31,2.71,0.63,0.03,4.27,000006
2023-12-08,000006,4.8,4.71,4.82,4.68,363958,172195872.0,2.9,-2.28,-0.11,2.7,000006
2023-12-11,000006,4.69,4.75,4.76,4.61,274615,128786284.35,3.18,0.85,0.04,2.03,000006
2023-12-12,000006,4.76,4.85,4.9,4.71,408669,196805946.55,4.0,2.11,0.1,3.03,000006
2023-12-13,000006,4.78,4.79,4.85,4.75,266631,128022318.04,2.06,-1.24,-0.06,1.98,000006
2023-12-14,000006,4.8,4.86,4.94,4.8,373663,181963970.49,2.92,1.46,0.07,2.77,000006
2023-12-15,000006,4.93,4.87,4.98,4.82,334216,163008976.33,3.29,0.21,0.01,2.48,000006
2023-12-18,000006,4.8,4.76,4.89,4.73,277738,133039470.58,3.29,-2.26,-0.11,2.06,000006
2023-12-19,000006,4.74,4.71,4.79,4.65,219756,103402533.12,2.94,-1.05,-0.05,1.63,000006
2023-12-20,000006,4.68,4.62,4.72,4.6,199723,92880926.82,2.55,-1.91,-0.09,1.48,000006
2023-12-21,000006,4.6,4.62,4.67,4.58,222891,103074874.36,1.95,0.0,0.0,1.65,000006
2023-12-22,000006,4.63,4.48,4.64,4.46,284525,128364847.72,3.9,-3.03,-0.14,2.11,000006
2023-12-25,000006,4.45,4.43,4.46,4.39,159918,70648096.44,1.56,-1.12,-0.05,1.18,000006
2023-12-26,000006,4.42,4.36,4.42,4.33,163063,71348288.58,2.03,-1.58,-0.07,1.21,000006
2023-12-27,000006,4.46,4.55,4.78,4.43,487393,221416587.67,8.03,4.36,0.19,3.61,000006
2023-12-28,000006,4.55,4.55,4.58,4.4,322643,145354975.89,3.96,0.0,0.0,2.39,000006
2023-12-29,000006,4.53,4.59,4.64,4.52,221839,101829485.74,2.64,0.88,0.04,1.64,000006
2024-01-02,000006,4.58,4.47,4.6,4.45,261947,117663239.29,3.27,-2.61,-0.12,1.94,000006
2024-01-03,000006,4.46,4.51,4.55,4.44,177360,79820585.21,2.46,0.89,0.04,1.31,000006
2024-01-04,000006,4.5,4.45,4.52,4.43,172169,76666376.0,2.0,-1.33,-0.06,1.28,000006
2024-01-05,000006,4.48,4.52,4.63,4.47,352650,160744077.44,3.6,1.57,0.07,2.61,000006
2024-01-08,000006,4.66,4.44,4.74,4.42,392781,177500040.19,7.08,-1.77,-0.08,2.91,000006
2024-01-09,000006,4.47,4.41,4.48,4.35,256905,113089966.42,2.93,-0.68,-0.03,1.9,000006
2024-01-10,000006,4.4,4.37,4.44,4.35,167584,73492345.2,2.04,-0.91,-0.04,1.24,000006
2024-01-11,000006,4.39,4.52,4.6,4.38,340975,153930705.77,5.03,3.43,0.15,2.53,000006
2024-01-12,000006,4.5,4.46,4.54,4.46,170769,76615627.24,1.77,-1.33,-0.06,1.26,000006
2024-01-15,000006,4.44,4.51,4.54,4.41,206284,92529682.39,2.91,1.12,0.05,1.53,000006
2024-01-16,000006,4.53,4.45,4.56,4.37,221889,98598573.38,4.21,-1.33,-0.06,1.64,000006
2024-01-17,000006,4.45,4.45,4.54,4.42,277794,124392683.22,2.7,0.0,0.0,2.06,000006
2024-01-18,000006,4.37,4.33,4.39,4.16,341804,146251029.01,5.17,-2.7,-0.12,2.53,000006
2024-01-19,000006,4.37,4.4,4.51,4.3,304100,134177132.08,4.85,1.62,0.07,2.25,000006
2024-01-22,000006,4.32,4.18,4.52,4.14,364861,157732337.66,8.64,-5.0,-0.22,2.7,000006
2024-01-23,000006,4.18,4.23,4.26,4.08,216709,90507721.84,4.31,1.2,0.05,1.61,000006
2024-01-24,000006,4.24,4.48,4.55,4.24,555238,246616086.72,7.33,5.91,0.25,4.11,000006
2024-01-25,000006,4.47,4.65,4.65,4.43,514973,234917743.86,4.91,3.79,0.17,3.81,000006
2024-01-26,000006,4.6,4.71,4.87,4.58,584199,277133575.99,6.24,1.29,0.06,4.33,000006
2024-01-29,000006,4.8,4.73,5.18,4.71,1039464,514640210.74,9.98,0.42,0.02,7.7,000006
2024-01-30,000006,4.57,4.49,4.9,4.48,700851,323119902.77,8.88,-5.07,-0.24,5.19,000006
2024-01-31,000006,4.35,4.17,4.43,4.16,490279,209453070.66,6.01,-7.13,-0.32,3.63,000006
2024-02-01,000006,4.13,3.93,4.19,3.75,554324,216924750.23,10.55,-5.76,-0.24,4.11,000006
2024-02-02,000006,3.9,3.95,4.22,3.81,437323,175463237.35,10.43,0.51,0.02,3.24,000006
2024-02-05,000006,3.93,3.57,3.94,3.56,480584,176298610.4,9.62,-9.62,-0.38,3.56,000006
2024-02-06,000006,3.52,3.72,3.76,3.29,347562,122377638.55,13.17,4.2,0.15,2.57,000006
2024-02-07,000006,3.72,3.78,3.86,3.68,269878,101729545.73,4.84,1.61,0.06,2.0,000006
2024-02-08,000006,3.9,4.05,4.1,3.87,371299,149534806.2,6.08,7.14,0.27,2.75,000006
2024-02-19,000006,4.03,3.99,4.04,3.94,292482,116572253.78,2.47,-1.48,-0.06,2.17,000006
2024-02-20,000006,3.95,4.0,4.0,3.92,198429,78690636.83,2.01,0.25,0.01,1.47,000006
2024-02-21,000006,3.95,4.04,4.15,3.94,297763,120807802.92,5.25,1.0,0.04,2.21,000006
2024-02-22,000006,4.03,4.03,4.07,3.96,245344,98280947.48,2.72,-0.25,-0.01,1.82,000006
2024-02-23,000006,4.03,4.07,4.07,4.0,227138,91512124.89,1.74,0.99,0.04,1.68,000006
2024-02-26,000006,4.06,4.03,4.1,4.0,207193,83726445.97,2.46,-0.98,-0.04,1.53,000006
2024-02-27,000006,4.03,4.13,4.14,4.01,240666,98421415.6,3.23,2.48,0.1,1.78,000006
2024-02-28,000006,4.14,3.99,4.22,3.98,377445,155580801.3,5.81,-3.39,-0.14,2.8,000006
2024-02-29,000006,3.98,4.06,4.06,3.95,240219,96652995.7,2.76,1.75,0.07,1.78,000006
2024-03-01,000006,4.07,4.15,4.25,4.03,342345,141795733.83,5.42,2.22,0.09,2.54,000006
2024-03-04,000006,4.08,4.01,4.09,3.99,287725,115600993.73,2.41,-3.37,-0.14,2.13,000006
2024-03-05,000006,3.98,3.96,3.98,3.88,243771,95715804.81,2.49,-1.25,-0.05,1.81,000006
2024-03-06,000006,3.94,3.94,4.0,3.9,140678,55466633.18,2.53,-0.51,-0.02,1.04,000006
2024-03-07,000006,3.96,3.98,4.01,3.92,180972,71548287.38,2.28,1.02,0.04,1.34,000006
2024-03-08,000006,3.98,3.96,3.98,3.91,130921,51624499.3,1.76,-0.5,-0.02,0.97,000006
2024-03-11,000006,3.96,4.0,4.0,3.94,169207,67177941.2,1.52,1.01,0.04,1.25,000006
2024-03-12,000006,3.99,4.11,4.15,3.97,381827,155420744.0,4.5,2.75,0.11,2.83,000006
2024-03-13,000006,4.1,4.0,4.1,3.98,243750,97959486.33,2.92,-2.68,-0.11,1.81,000006
2024-03-14,000006,4.0,4.0,4.04,3.96,170820,68257287.48,2.0,0.0,0.0,1.27,000006
2024-03-15,000006,3.99,4.01,4.02,3.97,122838,49086387.12,1.25,0.25,0.01,0.91,000006
2024-03-18,000006,4.01,4.02,4.03,3.97,176801,70677997.36,1.5,0.25,0.01,1.31,000006
2024-03-19,000006,4.01,3.97,4.02,3.97,165890,66297664.61,1.24,-1.24,-0.05,1.23,000006
2024-03-20,000006,3.97,3.99,3.99,3.94,122381,48518863.0,1.26,0.5,0.02,0.91,000006
2024-03-21,000006,3.98,4.0,4.04,3.97,190909,76425434.02,1.75,0.25,0.01,1.41,000006
2024-03-22,000006,4.0,3.94,4.0,3.88,194677,76600327.15,3.0,-1.5,-0.06,1.44,000006
2024-03-25,000006,3.9,3.87,4.0,3.84,205990,80458758.14,4.06,-1.78,-0.07,1.53,000006
2024-03-26,000006,3.86,3.96,3.99,3.84,218698,85735350.63,3.88,2.33,0.09,1.62,000006
2024-03-27,000006,3.93,3.84,3.93,3.83,181785,70330721.0,2.53,-3.03,-0.12,1.35,000006
2024-03-28,000006,3.8,3.88,3.92,3.8,156995,60922290.36,3.13,1.04,0.04,1.16,000006
2024-03-29,000006,3.91,3.95,4.02,3.89,194114,76798745.71,3.35,1.8,0.07,1.44,000006
2024-04-01,000006,3.98,3.97,4.02,3.92,174377,69189515.8,2.53,0.51,0.02,1.29,000006
2024-04-02,000006,3.98,3.93,3.98,3.91,150766,59391435.12,1.76,-1.01,-0.04,1.12,000006
2024-04-03,000006,3.91,3.87,3.94,3.86,115196,44758780.43,2.04,-1.53,-0.06,0.85,000006
2024-04-08,000006,3.85,3.76,3.86,3.75,138603,52716243.32,2.84,-2.84,-0.11,1.03,000006
2024-04-09,000006,3.76,3.81,3.82,3.76,88285,33479838.31,1.6,1.33,0.05,0.65,000006
2024-04-10,000006,3.8,3.85,4.02,3.79,305937,119627495.52,6.04,1.05,0.04,2.27,000006
2024-04-11,000006,3.78,3.79,3.84,3.74,146947,55604868.2,2.6,-1.56,-0.06,1.09,000006
2024-04-12,000006,3.76,3.68,3.79,3.66,144778,53716567.83,3.43,-2.9,-0.11,1.07,000006
2024-04-15,000006,3.7,3.62,3.73,3.46,200947,72299352.05,7.34,-1.63,-0.06,1.49,000006
2024-04-16,000006,3.57,3.49,3.61,3.48,151254,53441748.06,3.59,-3.59,-0.13,1.12,000006
2024-04-17,000006,3.49,3.56,3.59,3.48,128604,45671175.39,3.15,2.01,0.07,0.95,000006
2024-04-18,000006,3.54,3.49,3.55,3.48,113489,39821934.02,1.97,-1.97,-0.07,0.84,000006
2024-04-19,000006,3.46,3.51,3.54,3.43,127422,44504878.5,3.15,0.57,0.02,0.94,000006
2024-04-22,000006,3.48,3.48,3.53,3.43,124580,43479665.86,2.85,-0.85,-0.03,0.92,000006
2024-04-23,000006,3.49,3.54,3.6,3.49,136485,48409527.95,3.16,1.72,0.06,1.01,000006
2024-04-24,000006,3.52,3.56,3.56,3.48,127982,44974320.03,2.26,0.56,0.02,0.95,000006
2024-04-25,000006,3.53,3.54,3.61,3.52,111198,39674522.0,2.53,-0.56,-0.02,0.82,000006
2024-04-26,000006,3.55,3.67,3.67,3.48,252648,90591576.84,5.37,3.67,0.13,1.87,000006
2024-04-29,000006,3.63,3.92,3.94,3.61,389806,149380160.63,8.99,6.81,0.25,2.89,000006
2024-04-30,000006,3.92,3.87,3.92,3.8,211524,81656224.34,3.06,-1.28,-0.05,1.57,000006
2024-05-06,000006,3.96,3.87,4.01,3.86,231872,91348764.88,3.88,0.0,0.0,1.72,000006
2024-05-07,000006,3.88,3.9,3.95,3.79,226595,87560824.08,4.13,0.78,0.03,1.68,000006
2024-05-08,000006,3.85,3.79,3.87,3.78,140797,53625736.08,2.31,-2.82,-0.11,1.04,000006
2024-05-09,000006,3.77,3.83,3.87,3.77,140710,53780195.39,2.64,1.06,0.04,1.04,000006
2024-05-10,000006,3.82,3.94,3.96,3.8,282857,110011314.66,4.18,2.87,0.11,2.1,000006
2024-05-13,000006,3.85,3.86,3.89,3.81,150487,57912960.34,2.03,-2.03,-0.08,1.11,000006
2024-05-14,000006,3.86,3.92,3.95,3.83,170415,66356536.65,3.11,1.55,0.06,1.26,000006
2024-05-15,000006,3.93,3.96,4.02,3.89,237764,94269388.69,3.32,1.02,0.04,1.76,000006
2024-05-16,000006,3.96,4.06,4.12,3.93,353368,143633242.93,4.8,2.53,0.1,2.62,000006
2024-05-17,000006,4.12,4.32,4.33,4.03,613343,255980866.31,7.39,6.4,0.26,4.54,000006
2024-05-20,000006,4.21,4.18,4.27,4.16,425367,178800327.46,2.55,-3.24,-0.14,3.15,000006
2024-05-21,000006,4.14,4.19,4.27,4.12,276125,116186212.26,3.59,0.24,0.01,2.05,000006
2024-05-22,000006,4.21,4.25,4.36,4.2,449266,192718979.95,3.82,1.43,0.06,3.33,000006
2024-05-23,000006,4.19,4.14,4.25,4.09,309205,128329857.38,3.76,-2.59,-0.11,2.29,000006
2024-05-24,000006,4.08,4.03,4.12,4.01,197374,80267596.18,2.66,-2.66,-0.11,1.46,000006
2024-05-27,000006,4.02,3.98,4.04,3.9,195773,77167981.94,3.47,-1.24,-0.05,1.45,000006
2024-05-28,000006,4.0,3.87,4.05,3.85,204755,80210822.68,5.03,-2.76,-0.11,1.52,000006
2024-05-29,000006,3.96,3.92,4.04,3.87,229369,90439592.62,4.39,1.29,0.05,1.7,000006
2024-05-30,000006,3.82,3.78,3.85,3.76,212163,80475744.04,2.3,-3.57,-0.14,1.57,000006
2024-05-31,000006,3.77,3.81,3.83,3.76,144708,54979970.81,1.85,0.79,0.03,1.07,000006
2024-06-03,000006,3.77,3.64,3.79,3.61,190696,70069832.75,4.72,-4.46,-0.17,1.41,000006
2024-06-04,000006,3.6,3.71,3.72,3.58,167699,61348782.59,3.85,1.92,0.07,1.24,000006
2024-06-05,000006,3.69,3.56,3.69,3.56,153732,55497796.0,3.5,-4.04,-0.15,1.14,000006
2024-06-06,000006,3.56,3.43,3.61,3.38,191438,66181141.73,6.46,-3.65,-0.13,1.42,000006
2024-06-07,000006,3.43,3.59,3.6,3.43,197217,69466827.71,4.96,4.66,0.16,1.46,000006
2024-06-11,000006,3.55,3.5,3.57,3.45,133784,46797385.62,3.34,-2.51,-0.09,0.99,000006
2024-06-12,000006,3.47,3.47,3.52,3.45,133496,46394506.2,2.0,-0.86,-0.03,0.99,000006
2024-06-13,000006,3.51,3.4,3.52,3.38,162316,55472800.58,4.03,-2.02,-0.07,1.2,000006
2024-06-14,000006,3.39,3.4,3.46,3.36,191652,65346178.43,2.94,0.0,0.0,1.42,000006
2024-06-17,000006,3.43,3.45,3.69,3.42,409163,144113954.53,7.94,1.47,0.05,3.03,000006
2024-06-18,000006,3.46,3.67,3.79,3.46,479351,175224928.14,9.57,6.38,0.22,3.55,000006
2024-06-19,000006,3.69,3.57,3.73,3.54,299731,107622918.87,5.18,-2.72,-0.1,2.22,000006
2024-06-20,000006,3.66,3.78,3.88,3.62,531493,200031038.04,7.28,5.88,0.21,3.94,000006
2024-06-21,000006,3.69,3.7,3.8,3.66,293297,108410345.0,3.7,-2.12,-0.08,2.17,000006
2024-06-24,000006,3.64,3.81,3.98,3.56,427506,160292281.86,11.35,2.97,0.11,3.17,000006
2024-06-25,000006,3.76,3.79,3.9,3.73,333270,127233408.81,4.46,-0.52,-0.02,2.47,000006
2024-06-26,000006,3.77,3.83,3.88,3.74,220371,83789981.18,3.69,1.06,0.04,1.63,000006
2024-06-27,000006,3.78,3.73,3.83,3.72,192751,72542931.82,2.87,-2.61,-0.1,1.43,000006
2024-06-28,000006,3.75,3.88,3.96,3.71,323325,124725352.35,6.7,4.02,0.15,2.4,000006
2024-07-01,000006,3.82,3.9,3.92,3.78,271615,105281394.22,3.61,0.52,0.02,2.01,000006
2024-07-02,000006,3.86,3.84,3.93,3.81,222599,86072029.0,3.08,-1.54,-0.06,1.65,000006
2024-07-03,000006,3.8,3.76,3.87,3.74,191126,72600700.54,3.39,-2.08,-0.08,1.42,000006
2024-07-04,000006,3.79,3.66,3.8,3.63,189314,69877834.97,4.52,-2.66,-0.1,1.4,000006
2024-07-05,000006,3.65,3.71,3.71,3.59,120812,44108656.96,3.28,1.37,0.05,0.89,000006
2024-07-08,000006,3.49,3.6,3.65,3.46,195991,69833861.0,5.12,-2.96,-0.11,1.45,000006
2024-07-09,000006,3.63,3.69,3.71,3.51,173813,62754468.89,5.56,2.5,0.09,1.29,000006
2024-07-10,000006,3.66,3.55,3.67,3.54,148111,53256427.01,3.52,-3.79,-0.14,1.1,000006
2024-07-11,000006,3.59,3.61,3.64,3.55,130209,46866244.93,2.54,1.69,0.06,0.96,000006
2024-07-12,000006,3.6,3.76,3.88,3.6,309799,116832605.1,7.76,4.16,0.15,2.29,000006
2024-07-15,000006,3.71,3.66,3.73,3.64,157239,57755113.58,2.39,-2.66,-0.1,1.16,000006
2024-07-16,000006,3.62,3.62,3.67,3.59,141627,51234065.28,2.19,-1.09,-0.04,1.05,000006
2024-07-17,000006,3.61,3.63,3.71,3.61,165366,60438401.72,2.76,0.28,0.01,1.22,000006
2024-07-18,000006,3.62,3.63,3.63,3.55,135402,48528936.53,2.2,0.0,0.0,1.0,000006
2024-07-19,000006,3.6,3.6,3.61,3.54,124587,44574126.13,1.93,-0.83,-0.03,0.92,000006
2024-07-22,000006,3.56,3.56,3.58,3.52,110928,39366226.58,1.67,-1.11,-0.04,0.82,000006
2024-07-23,000006,3.58,3.66,3.86,3.58,340062,126527599.09,7.87,2.81,0.1,2.52,000006
2024-07-24,000006,3.65,3.54,3.66,3.54,183342,65613066.0,3.28,-3.28,-0.12,1.36,000006
2024-07-25,000006,3.56,3.62,3.64,3.52,139981,50178095.46,3.39,2.26,0.08,1.04,000006
2024-07-26,000006,3.68,3.75,3.79,3.67,192863,71715319.38,3.31,3.59,0.13,1.43,000006
2024-07-29,000006,3.71,3.68,3.72,3.62,130054,47715968.43,2.67,-1.87,-0.07,0.96,000006
2024-07-30,000006,3.68,3.76,3.82,3.65,233287,87479042.31,4.62,2.17,0.08,1.73,000006
2024-07-31,000006,3.75,3.82,3.84,3.7,247019,93724052.86,3.72,1.6,0.06,1.83,000006
2024-08-01,000006,3.81,3.85,3.99,3.76,303337,117152112.37,6.02,0.79,0.03,2.25,000006
2024-08-02,000006,3.81,3.95,4.07,3.81,378577,149218711.55,6.75,2.6,0.1,2.8,000006
2024-08-05,000006,3.88,3.76,3.96,3.73,283380,109123407.93,5.82,-4.81,-0.19,2.1,000006
2024-08-06,000006,3.83,3.87,3.97,3.83,321736,125133579.04,3.72,2.93,0.11,2.38,000006
2024-08-07,000006,3.87,3.83,3.89,3.78,184643,70660642.61,2.84,-1.03,-0.04,1.37,000006
2024-08-08,000006,3.92,3.87,4.01,3.83,367343,143964608.44,4.7,1.04,0.04,2.72,000006
2024-08-09,000006,3.81,3.89,4.01,3.79,377264,147746653.33,5.68,0.52,0.02,2.79,000006
2024-08-12,000006,3.82,3.72,3.85,3.69,281792,105509526.26,4.11,-4.37,-0.17,2.09,000006
2024-08-13,000006,3.72,3.77,3.79,3.67,170736,63929883.62,3.23,1.34,0.05,1.26,000006
2024-08-14,000006,3.77,3.77,3.81,3.73,112265,42307051.41,2.12,0.0,0.0,0.83,000006
2024-08-15,000006,3.75,3.9,3.91,3.73,250378,96478058.1,4.77,3.45,0.13,1.85,000006
2024-08-16,000006,3.88,3.84,3.9,3.82,158487,60999123.71,2.05,-1.54,-0.06,1.17,000006
2024-08-19,000006,3.8,3.77,3.82,3.76,130506,49335616.48,1.56,-1.82,-0.07,0.97,000006
2024-08-20,000006,3.76,3.7,3.79,3.69,116232,43313087.0,2.65,-1.86,-0.07,0.86,000006
2024-08-21,000006,3.75,3.78,3.85,3.7,190377,72272713.56,4.05,2.16,0.08,1.41,000006
2024-08-22,000006,3.83,3.86,3.92,3.73,270820,103816898.6,5.03,2.12,0.08,2.01,000006
2024-08-23,000006,3.81,3.96,4.04,3.81,398894,158039911.68,5.96,2.59,0.1,2.95,000006
2024-08-26,000006,3.88,3.9,4.02,3.85,270275,105626466.01,4.29,-1.52,-0.06,2.0,000006
2024-08-27,000006,3.89,3.77,3.89,3.73,238235,90292868.07,4.1,-3.33,-0.13,1.76,000006
2024-08-28,000006,3.77,3.77,3.8,3.74,133213,50203113.49,1.59,0.0,0.0,0.99,000006
2024-08-29,000006,3.76,3.74,3.76,3.65,159070,59061196.26,2.92,-0.8,-0.03,1.18,000006
2024-08-30,000006,3.78,3.89,3.97,3.78,332442,128972848.83,5.08,4.01,0.15,2.46,000006
2024-09-02,000006,3.86,3.79,3.88,3.79,196948,75310626.0,2.31,-2.57,-0.1,1.46,000006
2024-09-03,000006,3.79,4.17,4.17,3.79,380809,155372795.01,10.03,10.03,0.38,2.82,000006
2024-09-04,000006,4.28,4.13,4.47,4.1,934209,400065706.45,8.87,-0.96,-0.04,6.92,000006
2024-09-05,000006,4.25,4.21,4.38,4.12,558448,234542484.96,6.3,1.94,0.08,4.14,000006
2024-09-06,000006,4.13,4.12,4.19,4.07,392367,161625506.73,2.85,-2.14,-0.09,2.91,000006
2024-09-09,000006,4.08,4.2,4.31,4.03,373525,155640740.13,6.8,1.94,0.08,2.77,000006
2024-09-10,000006,4.2,4.17,4.24,4.09,241050,100217310.8,3.57,-0.71,-0.03,1.79,000006
2024-09-11,000006,4.14,4.11,4.17,4.08,170566,70148527.0,2.16,-1.44,-0.06,1.26,000006
2024-09-12,000006,4.12,4.15,4.21,4.1,229562,95525295.0,2.68,0.97,0.04,1.7,000006
2024-09-13,000006,4.2,4.33,4.38,4.17,592927,254798092.33,5.06,4.34,0.18,4.39,000006
2024-09-18,000006,4.25,4.3,4.39,4.13,405177,171765963.35,6.0,-0.69,-0.03,3.0,000006
2024-09-19,000006,4.3,4.28,4.39,4.22,381800,164218542.64,3.95,-0.47,-0.02,2.83,000006
2024-09-20,000006,4.22,4.42,4.44,4.21,453843,197783718.91,5.37,3.27,0.14,3.36,000006
2024-09-23,000006,4.34,4.34,4.41,4.31,322690,140588064.92,2.26,-1.81,-0.08,2.39,000006
2024-09-24,000006,4.42,4.39,4.46,4.27,366777,159792762.71,4.38,1.15,0.05,2.72,000006
2024-09-25,000006,4.37,4.38,4.56,4.36,491749,219308496.8,4.56,-0.23,-0.01,3.64,000006
2024-09-26,000006,4.42,4.66,4.69,4.41,675110,307363483.85,6.39,6.39,0.28,5.0,000006
2024-09-27,000006,4.75,5.13,5.13,4.7,791192,385409890.83,9.23,10.09,0.47,5.86,000006
2024-09-30,000006,5.49,5.59,5.6,5.21,1256421,684436800.2,7.6,8.97,0.46,9.31,000006
2024-10-08,000006,6.1,5.49,6.11,5.23,1224800,698556340.73,15.74,-1.79,-0.1,9.07,000006
2024-10-09,000006,5.35,4.94,5.38,4.94,766986,390241319.18,8.01,-10.02,-0.55,5.68,000006
2024-10-10,000006,4.89,5.21,5.42,4.82,825839,429419106.43,12.15,5.47,0.27,6.12,000006
2024-10-11,000006,5.17,5.56,5.69,5.06,803901,437528112.87,12.09,6.72,0.35,5.95,000006
2024-10-14,000006,5.64,5.47,5.65,5.26,647336,349148007.22,7.01,-1.62,-0.09,4.8,000006
2024-10-15,000006,5.35,5.84,5.98,5.23,958127,543020664.6,13.71,6.76,0.37,7.1,000006
2024-10-16,000006,5.8,5.98,6.06,5.7,899792,528689235.68,6.16,2.4,0.14,6.67,000006
2024-10-17,000006,5.86,5.74,6.35,5.7,1001328,602268670.31,10.87,-4.01,-0.24,7.42,000006
2024-10-18,000006,5.74,6.31,6.31,5.7,665829,410421055.39,10.63,9.93,0.57,4.93,000006
2024-10-21,000006,6.59,6.94,6.94,6.38,1348848,918273806.7,8.87,9.98,0.63,9.99,000006
2024-10-22,000006,6.88,7.63,7.63,6.88,687321,516321095.58,10.81,9.94,0.69,5.09,000006
2024-10-23,000006,7.77,7.29,8.12,7.25,1800308,1372503107.76,11.4,-4.46,-0.34,13.34,000006
2024-10-24,000006,7.47,8.02,8.02,7.47,366180,289516855.47,7.54,10.01,0.73,2.71,000006
2024-10-25,000006,8.82,8.82,8.82,8.82,83195,73377981.18,0.0,9.98,0.8,0.62,000006
2024-10-28,000006,8.79,9.25,9.66,8.4,2226805,2045099070.11,14.29,4.88,0.43,16.5,000006
2024-10-29,000006,9.38,9.92,10.18,8.9,2124550,2026524848.73,13.84,7.24,0.67,15.74,000006
2024-10-30,000006,9.38,8.94,9.57,8.93,1480813,1363361535.18,6.45,-9.88,-0.98,10.97,000006
2024-10-31,000006,9.33,9.83,9.83,9.33,1164996,1136738385.18,5.59,9.96,0.89,8.63,000006
2024-11-01,000006,10.0,8.85,10.22,8.85,1570518,1455171255.38,13.94,-9.97,-0.98,11.63,000006
2024-11-04,000006,8.4,8.6,8.99,8.33,906067,774591006.59,7.46,-2.82,-0.25,6.71,000006
2024-11-05,000006,8.42,8.69,8.95,8.38,900114,774761664.95,6.63,1.05,0.09,6.67,000006
2024-11-06,000006,8.71,8.54,8.88,8.43,725335,627754213.73,5.18,-1.73,-0.15,5.37,000006
2024-11-07,000006,8.6,9.39,9.39,8.6,795779,739512261.23,9.25,9.95,0.85,5.89,000006
2024-11-08,000006,9.38,8.97,9.65,8.88,1116006,1032397709.16,8.2,-4.47,-0.42,8.27,000006
2024-11-11,000006,8.9,9.48,9.6,8.9,852528,795696388.14,7.8,5.69,0.51,6.32,000006
2024-11-12,000006,9.45,9.99,10.41,9.45,1023902,1023622279.19,10.13,5.38,0.51,7.58,000006
2024-11-13,000006,9.78,9.54,10.06,9.23,743008,714059966.45,8.31,-4.5,-0.45,5.5,000006
2024-11-14,000006,9.91,8.64,9.91,8.6,886555,795331501.52,13.73,-9.43,-0.9,6.57,000006
2024-11-15,000006,8.67,8.71,8.98,8.32,663574,572961366.98,7.64,0.81,0.07,4.92,000006
2024-11-18,000006,9.0,8.04,9.2,7.88,906742,788322921.71,15.15,-7.69,-0.67,6.72,000006
2024-11-19,000006,7.85,8.09,8.2,7.41,885337,686375244.5,9.83,0.62,0.05,6.56,000006
2024-11-20,000006,7.94,7.97,8.0,7.75,542680,427772014.56,3.09,-1.48,-0.12,4.02,000006
2024-11-21,000006,7.98,8.07,8.29,7.91,569341,460144342.79,4.77,1.25,0.1,4.22,000006
2024-11-22,000006,8.2,8.14,8.6,7.97,760316,629093910.09,7.81,0.87,0.07,5.63,000006
2024-11-25,000006,7.7,7.86,7.98,7.66,533385,415403764.9,3.93,-3.44,-0.28,3.95,000006
2024-11-26,000006,7.81,8.09,8.34,7.81,532033,434095651.53,6.74,2.93,0.23,3.94,000006
2024-11-27,000006,8.05,8.04,8.05,7.74,380469,299725492.66,3.83,-0.62,-0.05,2.82,000006
2024-11-28,000006,8.57,8.84,8.84,8.38,677356,588978271.17,5.72,9.95,0.8,5.02,000006
2024-11-29,000006,8.6,8.89,9.1,8.43,877415,774993044.52,7.58,0.57,0.05,6.5,000006
2024-12-02,000006,8.75,9.27,9.78,8.67,963241,876318585.5,12.49,4.27,0.38,7.14,000006
2024-12-03,000006,9.08,9.07,9.47,9.0,630081,577768397.64,5.07,-2.16,-0.2,4.67,000006
2024-12-04,000006,8.9,8.89,9.28,8.86,494321,446901461.43,4.63,-1.98,-0.18,3.66,000006
2024-12-05,000006,8.94,9.02,9.04,8.8,326023,290793204.44,2.7,1.46,0.13,2.42,000006
2024-12-06,000006,9.02,9.49,9.65,9.02,708892,662497475.75,6.98,5.21,0.47,5.25,000006
2024-12-09,000006,9.4,8.99,9.4,8.88,570176,516245383.99,5.48,-5.27,-0.5,4.22,000006
2024-12-10,000006,9.28,8.99,9.34,8.99,534275,488629223.45,3.89,0.0,0.0,3.96,000006
2024-12-11,000006,8.98,9.12,9.25,8.87,414369,377783227.0,4.23,1.45,0.13,3.07,000006
2024-12-12,000006,9.0,9.2,9.25,8.92,387445,351984835.02,3.62,0.88,0.08,2.87,000006
2024-12-13,000006,9.2,8.95,9.32,8.94,400345,362840602.24,4.13,-2.72,-0.25,2.97,000006
2024-12-16,000006,8.79,8.56,8.79,8.53,388235,335901566.81,2.91,-4.36,-0.39,2.88,000006
2024-12-17,000006,8.54,8.36,8.71,8.35,289112,244957027.26,4.21,-2.34,-0.2,2.14,000006
2024-12-18,000006,8.39,8.71,9.03,8.3,486242,424024866.64,8.73,4.19,0.35,3.6,000006
2024-12-19,000006,8.6,8.95,9.0,8.57,369652,324818097.17,4.94,2.76,0.24,2.74,000006
2024-12-20,000006,8.95,8.92,9.07,8.84,304132,271494824.69,2.57,-0.34,-0.03,2.25,000006
2024-12-23,000006,8.7,8.26,8.8,8.25,398411,336372905.3,6.17,-7.4,-0.66,2.95,000006
2024-12-24,000006,8.27,8.24,8.46,8.13,244494,201713469.17,4.0,-0.24,-0.02,1.81,000006
2024-12-25,000006,8.25,7.73,8.27,7.56,400717,311517826.88,8.62,-6.19,-0.51,2.97,000006
2024-12-26,000006,7.72,7.74,7.85,7.53,265324,203982933.52,4.14,0.13,0.01,1.97,000006
2024-12-27,000006,7.72,8.02,8.11,7.7,332234,264969926.79,5.3,3.62,0.28,2.46,000006
2024-12-30,000006,7.63,7.48,7.74,7.22,658624,484503473.29,6.48,-6.73,-0.54,4.88,000006
2024-12-31,000006,7.48,7.32,7.58,7.32,299388,222278567.0,3.48,-2.14,-0.16,2.22,000006
2025-01-02,000006,7.23,7.25,7.52,7.18,307195,225252942.3,4.64,-0.96,-0.07,2.28,000006
2025-01-03,000006,7.3,6.91,7.45,6.86,392405,275530026.87,8.14,-4.69,-0.34,2.91,000006
2025-01-06,000006,6.78,6.7,6.9,6.5,321402,216461997.02,5.79,-3.04,-0.21,2.38,000006
2025-01-07,000006,6.72,6.85,6.86,6.66,236842,160237518.36,2.99,2.24,0.15,1.75,000006
2025-01-08,000006,6.8,6.96,7.05,6.68,366921,253004649.76,5.4,1.61,0.11,2.72,000006
2025-01-09,000006,6.88,6.9,6.99,6.81,209081,144172288.31,2.59,-0.86,-0.06,1.55,000006
2025-01-10,000006,6.94,6.72,7.06,6.71,245929,169348735.0,5.07,-2.61,-0.18,1.82,000006
2025-01-13,000006,6.55,6.63,6.68,6.31,231849,151139934.67,5.51,-1.34,-0.09,1.72,000006
2025-01-14,000006,6.63,6.86,6.88,6.6,218838,148318577.69,4.22,3.47,0.23,1.62,000006
2025-01-15,000006,6.84,6.78,6.96,6.74,218676,149121520.13,3.21,-1.17,-0.08,1.62,000006
2025-01-16,000006,6.79,6.87,7.0,6.79,212781,146433956.29,3.1,1.33,0.09,1.58,000006
2025-01-17,000006,6.77,6.8,6.83,6.66,201220,136090931.24,2.47,-1.02,-0.07,1.49,000006
2025-01-20,000006,6.9,7.48,7.48,6.7,400798,291054654.49,11.47,10.0,0.68,2.97,000006
2025-01-21,000006,7.36,7.58,8.23,7.25,928768,724160016.61,13.1,1.34,0.1,6.88,000006
2025-01-22,000006,7.1,7.03,7.35,6.98,559390,399372315.63,4.88,-7.26,-0.55,4.14,000006
2025-01-23,000006,7.16,6.88,7.31,6.88,453150,322820712.3,6.12,-2.13,-0.15,3.36,000006
2025-01-24,000006,6.89,7.05,7.1,6.74,403265,279512883.61,5.23,2.47,0.17,2.99,000006
2025-01-27,000006,6.99,6.77,7.17,6.71,303623,209665101.63,6.52,-3.97,-0.28,2.25,000006
2025-02-05,000006,6.7,6.75,6.94,6.5,366680,243782449.32,6.5,-0.3,-0.02,2.72,000006
2025-02-06,000006,6.76,6.83,6.88,6.65,256378,173875713.19,3.41,1.19,0.08,1.9,000006
2025-02-07,000006,6.8,6.97,7.12,6.8,331228,231726933.0,4.69,2.05,0.14,2.45,000006
2025-02-10,000006,6.91,7.28,7.29,6.91,407277,289987122.74,5.45,4.45,0.31,3.02,000006
2025-02-11,000006,7.28,7.04,7.35,7.02,303697,215991561.0,4.53,-3.3,-0.24,2.25,000006
2025-02-12,000006,7.06,7.2,7.2,6.91,343299,243148619.73,4.12,2.27,0.16,2.54,000006
2025-02-13,000006,7.19,7.14,7.27,7.07,449288,321716972.04,2.78,-0.83,-0.06,3.33,000006
2025-02-14,000006,7.11,7.04,7.15,6.97,256836,180913080.82,2.52,-1.4,-0.1,1.9,000006
2025-02-17,000006,7.04,7.08,7.17,7.0,313918,222159407.48,2.41,0.57,0.04,2.33,000006
2025-02-18,000006,7.08,6.66,7.09,6.66,337017,230353341.96,6.07,-5.93,-0.42,2.5,000006
2025-02-19,000006,6.67,6.68,6.76,6.63,283191,189496810.2,1.95,0.3,0.02,2.1,000006
2025-02-20,000006,6.64,6.78,6.8,6.5,355609,236693681.43,4.49,1.5,0.1,2.63,000006
2025-02-21,000006,6.87,6.65,6.9,6.53,375325,249495026.56,5.46,-1.92,-0.13,2.78,000006
2025-02-24,000006,6.58,6.52,6.73,6.51,318682,209844651.07,3.31,-1.95,-0.13,2.36,000006
2025-02-25,000006,6.44,6.41,6.57,6.38,266472,171975705.68,2.91,-1.69,-0.11,1.97,000006
2025-02-26,000006,6.4,6.61,6.94,6.4,475059,318403983.95,8.42,3.12,0.2,3.52,000006
2025-02-27,000006,6.57,6.73,7.0,6.57,486924,330809043.99,6.51,1.82,0.12,3.61,000006
2025-02-28,000006,6.71,6.38,6.79,6.37,411843,268068447.54,6.24,-5.2,-0.35,3.05,000006
2025-03-03,000006,6.4,6.44,6.59,6.33,339497,219107710.87,4.08,0.94,0.06,2.51,000006
2025-03-04,000006,6.4,6.54,6.7,6.4,402757,265201116.22,4.66,1.55,0.1,2.98,000006
2025-03-05,000006,6.47,6.52,6.53,6.33,331350,212839032.24,3.06,-0.31,-0.02,2.45,000006
2025-03-06,000006,6.54,6.7,6.7,6.54,475709,315909264.12,2.45,2.76,0.18,3.52,000006
2025-03-07,000006,6.66,6.44,6.68,6.4,392389,253635812.24,4.18,-3.88,-0.26,2.91,000006
2025-03-10,000006,6.39,6.44,6.45,6.33,241212,153629132.3,1.86,0.0,0.0,1.79,000006
2025-03-11,000006,6.48,6.75,7.0,6.35,580682,385517581.58,10.09,4.81,0.31,4.3,000006
2025-03-12,000006,6.71,6.66,6.86,6.65,379950,256074976.44,3.11,-1.33,-0.09,2.81,000006
2025-03-13,000006,6.66,6.51,6.69,6.43,279962,182227091.75,3.9,-2.25,-0.15,2.07,000006
2025-03-14,000006,6.49,6.59,6.6,6.46,237564,155348161.9,2.15,1.23,0.08,1.76,000006
2025-03-17,000006,6.55,6.61,6.7,6.55,245800,162646873.36,2.28,0.3,0.02,1.82,000006
2025-03-18,000006,6.59,6.57,6.67,6.54,206443,136214721.15,1.97,-0.61,-0.04,1.53,000006
2025-03-19,000006,6.53,6.51,6.7,6.45,269877,177331952.0,3.81,-0.91,-0.06,2.0,000006
2025-03-20,000006,6.5,6.48,6.56,6.46,161662,105078046.47,1.54,-0.46,-0.03,1.2,000006
2025-03-21,000006,6.45,6.76,6.94,6.39,505532,334417286.98,8.49,4.32,0.28,3.74,000006
2025-03-24,000006,6.57,6.48,6.62,6.44,311537,202284845.11,2.66,-4.14,-0.28,2.31,000006
2025-03-25,000006,6.45,6.52,6.55,6.42,191874,124460448.95,2.01,0.62,0.04,1.42,000006
2025-03-26,000006,6.56,6.76,6.84,6.48,481270,322035352.71,5.52,3.68,0.24,3.57,000006
2025-03-27,000006,6.72,7.44,7.44,6.66,1063877,770545145.27,11.54,10.06,0.68,7.88,000006
2025-03-28,000006,7.58,7.76,8.16,7.38,1526110,1177737815.74,10.48,4.3,0.32,11.3,000006
2025-03-31,000006,7.8,7.29,8.22,7.26,1263994,985171960.1,12.37,-6.06,-0.47,9.36,000006
2025-04-01,000006,7.39,7.23,7.5,7.2,753958,551379613.48,4.12,-0.82,-0.06,5.58,000006
2025-04-02,000006,7.23,7.06,7.33,6.99,557026,396509601.59,4.7,-2.35,-0.17,4.13,000006
2025-04-03,000006,7.05,6.97,7.15,6.88,396931,277495320.27,3.82,-1.27,-0.09,2.94,000006
2025-04-07,000006,6.48,6.27,6.5,6.27,322745,203606157.88,3.3,-10.04,-0.7,2.39,000006
2025-04-08,000006,6.0,5.71,6.14,5.64,759990,438643480.65,7.97,-8.93,-0.56,5.63,000006
2025-04-09,000006,5.6,5.92,5.99,5.15,685967,386042321.91,14.71,3.68,0.21,5.08,000006
2025-04-10,000006,6.0,6.1,6.25,5.92,520532,317838404.44,5.57,3.04,0.18,3.86,000006
2025-04-11,000006,6.01,6.29,6.33,5.96,455136,281949333.13,6.07,3.11,0.19,3.37,000006
2025-04-14,000006,6.23,6.34,6.4,6.23,352279,222888392.32,2.7,0.79,0.05,2.61,000006
2025-04-15,000006,6.33,6.28,6.56,6.2,338276,214563937.28,5.68,-0.95,-0.06,2.51,000006
2025-04-16,000006,6.23,6.17,6.35,6.02,249182,154350030.24,5.25,-1.75,-0.11,1.85,000006
2025-04-17,000006,6.13,6.24,6.42,6.13,275256,173728993.0,4.7,1.13,0.07,2.04,000006
2025-04-18,000006,6.24,6.43,6.46,6.21,345310,218748830.14,4.01,3.04,0.19,2.56,000006
2025-04-21,000006,6.32,6.39,6.45,6.2,315105,199334867.27,3.89,-0.62,-0.04,2.33,000006
2025-04-22,000006,6.35,6.42,6.52,6.35,283269,182860561.53,2.66,0.47,0.03,2.1,000006
2025-04-23,000006,6.39,6.43,6.47,6.34,248260,158839060.25,2.02,0.16,0.01,1.84,000006
2025-04-24,000006,6.46,6.34,6.48,6.28,228161,145248211.0,3.11,-1.4,-0.09,1.69,000006
2025-04-25,000006,6.31,6.25,6.55,6.25,387486,248623235.56,4.73,-1.42,-0.09,2.87,000006
2025-04-28,000006,6.31,6.18,6.36,6.15,254331,158121120.49,3.36,-1.12,-0.07,1.88,000006
2025-04-29,000006,6.18,6.26,6.4,6.14,208150,129925635.97,4.21,1.29,0.08,1.54,000006
2025-04-30,000006,6.3,6.35,6.49,6.3,231582,147949920.9,3.04,1.44,0.09,1.72,000006
2025-05-06,000006,6.32,6.46,6.46,6.32,239432,153531506.03,2.2,1.73,0.11,1.77,000006
2025-05-07,000006,6.55,6.56,6.66,6.49,318051,209069576.61,2.63,1.55,0.1,2.36,000006
2025-05-08,000006,6.52,6.66,6.83,6.52,367833,246137579.85,4.73,1.52,0.1,2.72,000006
2025-05-09,000006,6.66,6.44,6.7,6.4,251217,162768215.93,4.5,-3.3,-0.22,1.86,000006
2025-05-12,000006,6.5,6.47,6.58,6.43,232336,150982873.0,2.33,0.47,0.03,1.72,000006
2025-05-13,000006,6.52,6.49,6.59,6.47,199201,129825621.36,1.85,0.31,0.02,1.48,000006
2025-05-14,000006,6.58,6.6,6.66,6.43,364453,239173783.24,3.54,1.69,0.11,2.7,000006
2025-05-15,000006,6.59,6.52,6.6,6.43,230538,149792788.0,2.58,-1.21,-0.08,1.71,000006
2025-05-16,000006,6.5,6.52,6.68,6.48,230453,151018333.22,3.07,0.0,0.0,1.71,000006
2025-05-19,000006,6.73,6.96,7.17,6.73,1016332,714231719.23,6.75,6.75,0.44,7.53,000006
2025-05-20,000006,6.82,6.92,7.02,6.8,660699,455014262.76,3.16,-0.57,-0.04,4.89,000006
2025-05-21,000006,6.87,6.75,6.91,6.72,317861,215462398.0,2.75,-2.46,-0.17,2.35,000006
2025-05-22,000006,6.74,6.85,6.96,6.68,451633,308052975.5,4.15,1.48,0.1,3.35,000006
2025-05-23,000006,6.82,6.76,7.02,6.75,441886,304118341.76,3.94,-1.31,-0.09,3.27,000006
2025-05-26,000006,6.76,6.89,7.1,6.75,482177,335633551.17,5.18,1.92,0.13,3.57,000006
2025-05-27,000006,6.89,7.24,7.36,6.81,614177,436443623.88,7.98,5.08,0.35,4.55,000006
2025-05-28,000006,7.18,7.07,7.28,7.06,392410,280960543.78,3.04,-2.35,-0.17,2.91,000006
2025-05-29,000006,7.04,6.99,7.1,6.96,365031,255938857.11,1.98,-1.13,-0.08,2.7,000006
2025-05-30,000006,6.99,6.93,7.15,6.91,329410,230894550.86,3.43,-0.86,-0.06,2.44,000006
2025-06-03,000006,6.8,6.74,6.84,6.69,274245,184774062.71,2.16,-2.74,-0.19,2.03,000006
2025-06-04,000006,6.72,6.74,6.8,6.69,194982,131465171.99,1.63,0.0,0.0,1.44,000006
2025-06-05,000006,6.74,6.8,6.84,6.69,215672,146041530.83,2.23,0.89,0.06,1.6,000006
2025-06-06,000006,6.8,6.8,6.82,6.73,167370,113331949.3,1.32,0.0,0.0,1.24,000006
2025-06-09,000006,6.73,6.8,6.83,6.64,205142,138469346.9,2.79,0.0,0.0,1.52,000006
2025-06-10,000006,6.8,6.81,6.89,6.65,246618,167415669.28,3.53,0.15,0.01,1.83,000006
2025-06-11,000006,6.92,6.98,7.19,6.85,520693,365020023.91,4.99,2.5,0.17,3.86,000006
2025-06-12,000006,6.98,7.01,7.07,6.92,269537,187900457.85,2.15,0.43,0.03,2.0,000006
2025-06-13,000006,6.95,6.87,7.01,6.74,302552,207810659.0,3.85,-2.0,-0.14,2.24,000006
2025-06-16,000006,6.91,6.79,6.91,6.75,231796,157604199.74,2.33,-1.16,-0.08,1.72,000006
2025-06-17,000006,6.78,6.82,6.92,6.75,197343,134946850.2,2.5,0.44,0.03,1.46,000006
2025-06-18,000006,6.84,6.69,6.84,6.66,191232,128269619.32,2.64,-1.91,-0.13,1.42,000006
2025-06-19,000006,6.66,6.55,6.74,6.51,173791,114958359.02,3.44,-2.09,-0.14,1.29,000006
2025-06-20,000006,6.53,6.78,6.78,6.51,207266,137453826.98,4.12,3.51,0.23,1.54,000006
2025-06-23,000006,6.61,6.64,6.65,6.26,246024,160648049.78,5.75,-2.06,-0.14,1.82,000006
2025-06-24,000006,6.62,6.8,6.9,6.62,289806,196865468.26,4.22,2.41,0.16,2.15,000006
2025-06-25,000006,6.77,6.84,6.85,6.72,201694,137117008.27,1.91,0.59,0.04,1.49,000006
2025-06-26,000006,6.77,6.76,6.82,6.69,189958,128371792.01,1.9,-1.17,-0.08,1.41,000006
2025-06-27,000006,6.6,6.69,6.73,6.6,230124,153348545.8,1.92,-1.04,-0.07,1.7,000006
2025-06-30,000006,6.4,6.45,6.48,6.3,409853,262475068.4,2.69,-3.59,-0.24,3.04,000006
2025-07-01,000006,6.4,6.39,6.43,6.31,298443,189793705.44,1.86,-0.93,-0.06,2.21,000006
2025-07-02,000006,6.36,6.33,6.41,6.3,197456,124978303.08,1.72,-0.94,-0.06,1.46,000006
2025-07-03,000006,6.32,6.33,6.37,6.31,145788,92368334.41,0.95,0.0,0.0,1.08,000006
2025-07-04,000006,6.32,6.28,6.35,6.28,166488,105109457.15,1.11,-0.79,-0.05,1.23,000006
2025-07-07,000006,6.31,6.35,6.44,6.28,261209,166481664.83,2.55,1.11,0.07,1.93,000006
2025-07-08,000006,6.31,6.42,6.44,6.29,288871,183958002.47,2.36,1.1,0.07,2.14,000006
2025-07-09,000006,6.42,6.37,6.45,6.33,227420,145409113.7,1.87,-0.78,-0.05,1.68,000006
2025-07-10,000006,6.33,6.51,6.57,6.33,404667,261216306.53,3.77,2.2,0.14,3.0,000006
2025-07-11,000006,6.5,6.49,6.54,6.4,296723,192122803.0,2.15,-0.31,-0.02,2.2,000006
2025-07-14,000006,6.5,6.36,6.5,6.33,254909,162789705.12,2.62,-2.0,-0.13,1.89,000006
2025-07-15,000006,6.34,6.29,6.35,6.15,281671,175876337.0,3.14,-1.1,-0.07,2.09,000006
2025-07-16,000006,6.26,6.26,6.31,6.25,131711,82587868.69,0.95,-0.48,-0.03,0.98,000006
2025-07-17,000006,6.24,6.29,6.32,6.21,129477,80994187.0,1.76,0.48,0.03,0.96,000006
2025-07-18,000006,6.26,6.26,6.32,6.23,128856,80599773.78,1.43,-0.48,-0.03,0.95,000006
2025-07-21,000006,6.19,6.26,6.29,6.18,186791,116476019.65,1.76,0.0,0.0,1.38,000006
2025-07-22,000006,6.25,6.24,6.27,6.16,197610,122815813.0,1.76,-0.32,-0.02,1.46,000006
2025-07-23,000006,6.25,6.21,6.31,6.2,221485,138518628.75,1.76,-0.48,-0.03,1.64,000006
2025-07-24,000006,6.18,6.27,6.29,6.17,284058,177216302.21,1.93,0.97,0.06,2.1,000006
2025-07-25,000006,6.29,6.27,6.35,6.24,249947,157341319.03,1.75,0.0,0.0,1.85,000006
2025-07-28,000006,6.26,6.4,6.45,6.19,384674,242907112.6,4.15,2.07,0.13,2.85,000006
2025-07-29,000006,6.35,6.34,6.4,6.3,249790,158688419.7,1.56,-0.94,-0.06,1.85,000006
2025-07-30,000006,6.3,6.24,6.35,6.21,190513,119600448.0,2.21,-1.58,-0.1,1.41,000006
2025-07-31,000006,6.2,6.16,6.32,6.15,263844,163733461.45,2.72,-1.28,-0.08,1.95,000006
2025-08-01,000006,6.15,6.15,6.19,6.1,175856,107874903.56,1.46,-0.16,-0.01,1.3,000006
2025-08-04,000006,6.1,6.16,6.2,6.09,145122,89064375.09,1.79,0.16,0.01,1.07,000006
2025-08-05,000006,6.15,6.24,6.28,6.12,243161,151270765.41,2.6,1.3,0.08,1.8,000006
2025-08-06,000006,6.25,6.27,6.33,6.17,209058,130811392.15,2.56,0.48,0.03,1.55,000006
2025-08-07,000006,6.24,6.35,6.38,6.21,316692,199749349.0,2.71,1.28,0.08,2.35,000006
2025-08-08,000006,6.34,6.51,6.52,6.27,427945,273840991.92,3.94,2.52,0.16,3.17,000006
2025-08-11,000006,6.63,6.78,7.09,6.5,928654,629911744.98,9.06,4.15,0.27,6.88,000006
2025-08-12,000006,7.04,7.46,7.46,6.98,1143790,825668425.71,7.08,10.03,0.68,8.47,000006
2025-08-13,000006,7.5,7.43,7.8,7.33,1501467,1132937637.09,6.3,-0.4,-0.03,11.12,000006
2025-08-14,000006,7.37,7.14,7.67,7.11,1009398,741095270.34,7.54,-3.9,-0.29,7.48,000006
2025-08-15,000006,7.18,7.33,7.42,7.13,809282,589803357.35,4.06,2.66,0.19,5.99,000006
2025-08-18,000006,7.6,7.7,7.84,7.47,1048526,803042403.22,5.05,5.05,0.37,7.77,000006
2025-08-19,000006,7.71,7.86,8.07,7.59,990846,774424741.1,6.23,2.08,0.16,7.34,000006
2025-08-20,000006,7.77,7.68,7.85,7.5,687451,527588491.55,4.45,-2.29,-0.18,5.09,000006
2025-08-21,000006,7.58,7.36,7.63,7.3,553414,409718993.4,4.3,-4.17,-0.32,4.1,000006
2025-08-22,000006,7.3,7.3,7.38,7.24,404734,295032457.1,1.9,-0.82,-0.06,3.0,000006
2025-08-25,000006,7.29,7.33,7.45,7.15,622575,454451487.36,4.11,0.41,0.03,4.61,000006
2025-08-26,000006,7.23,7.31,7.42,7.16,474262,344994051.05,3.55,-0.27,-0.02,3.51,000006
2025-08-27,000006,7.22,7.04,7.54,7.04,695065,508076428.8,6.84,-3.69,-0.27,5.15,000006
2025-08-28,000006,7.1,7.27,7.32,7.06,455984,328233143.57,3.69,3.27,0.23,3.38,000006
2025-08-29,000006,7.32,7.34,7.5,7.19,406502,299296539.05,4.26,0.96,0.07,3.01,000006
2025-09-01,000006,7.28,7.21,7.38,7.19,371467,269645390.71,2.59,-1.77,-0.13,2.75,000006
2025-09-02,000006,7.24,7.25,7.29,7.05,382426,274033225.11,3.33,0.55,0.04,2.83,000006
2025-09-03,000006,7.21,7.27,7.49,7.16,461939,338977996.37,4.55,0.28,0.02,3.42,000006
2025-09-04,000006,7.29,7.37,7.64,7.17,582741,431939439.96,6.46,1.38,0.1,4.32,000006
2025-09-05,000006,7.37,7.64,7.65,7.21,545300,407407224.22,5.97,3.66,0.27,4.04,000006
2025-09-08,000006,7.8,7.62,7.88,7.5,619591,478079696.52,4.97,-0.26,-0.02,4.59,000006
2025-09-09,000006,7.61,7.45,7.7,7.42,462226,348616077.68,3.67,-2.23,-0.17,3.42,000006
2025-09-10,000006,7.41,7.53,7.59,7.4,324475,244318565.01,2.55,1.07,0.08,2.4,000006
2025-09-11,000006,7.5,7.58,7.64,7.37,418634,313916776.99,3.59,0.66,0.05,3.1,000006
2025-09-12,000006,7.57,7.65,7.7,7.5,421507,320216137.57,2.64,0.92,0.07,3.12,000006
2025-09-15,000006,7.55,7.48,7.57,7.23,575589,424002152.25,4.44,-2.22,-0.17,4.26,000006
2025-09-16,000006,7.45,7.6,7.63,7.41,421318,317031877.82,2.94,1.6,0.12,3.12,000006
2025-09-17,000006,7.56,8.05,8.31,7.51,815407,644945620.71,10.53,5.92,0.45,6.04,000006
2025-09-18,000006,7.88,7.77,8.27,7.69,815379,649362102.39,7.2,-3.48,-0.28,6.04,000006
2025-09-19,000006,7.82,7.99,8.1,7.6,648807,508080094.23,6.44,2.83,0.22,4.81,000006
2025-09-22,000006,7.85,7.92,7.99,7.68,498044,390549711.51,3.88,-0.88,-0.07,3.69,000006
2025-09-23,000006,7.96,8.43,8.58,7.69,815002,651128136.98,11.24,6.44,0.51,6.04,000006
2025-09-24,000006,8.29,9.27,9.27,8.18,695478,634710328.87,12.93,9.96,0.84,5.15,000006
2025-09-25,000006,9.5,9.28,9.66,9.05,1160770,1087703064.8,6.58,0.11,0.01,8.6,000006
2025-09-26,000006,9.27,9.51,10.1,9.27,1005604,983640702.17,8.94,2.48,0.23,7.45,000006
2025-09-29,000006,9.52,9.35,9.6,9.22,662285,618824494.21,4.0,-1.68,-0.16,4.91,000006
2025-09-30,000006,9.48,10.29,10.29,9.44,498767,502879555.29,9.09,10.05,0.94,3.69,000006
2025-10-09,000006,10.42,10.85,11.1,10.32,1034286,1119062237.11,7.58,5.44,0.56,7.66,000006
2025-10-10,000006,10.74,11.94,11.94,10.68,1134483,1283165581.75,11.61,10.05,1.09,8.4,000006
2025-10-13,000006,12.2,13.13,13.13,12.19,585088,756544526.78,7.87,9.97,1.19,4.33,000006
2025-10-14,000006,14.43,13.79,14.44,13.17,2261318,3142191095.55,9.67,5.03,0.66,16.75,000006
2025-10-15,000006,13.05,12.41,13.21,12.41,886386,1114119702.28,5.8,-10.01,-1.38,6.57,000006
2025-10-16,000006,11.17,11.45,11.87,11.17,1426090,1642459095.01,5.64,-7.74,-0.96,10.56,000006
2025-10-17,000006,11.72,12.24,12.6,11.72,1623857,2017193667.2,7.69,6.9,0.79,12.03,000006
2025-10-20,000006,12.67,12.02,12.94,11.81,1278647,1569125028.94,9.23,-1.8,-0.22,9.47,000006
2025-10-21,000006,11.97,13.22,13.22,11.73,956927,1207541059.33,12.4,9.98,1.2,7.09,000006
2025-10-22,000006,13.75,13.13,13.98,13.1,1313793,1760163029.54,6.66,-0.68,-0.09,9.73,000006
2025-10-23,000006,14.44,14.15,14.44,13.53,1682881,2359131476.2,6.93,7.77,1.02,12.47,000006
2025-10-24,000006,14.35,14.04,15.5,13.53,1473254,2108061717.28,13.92,-0.78,-0.11,10.91,000006
2025-10-27,000006,13.83,13.3,14.04,13.24,1108572,1495877584.55,5.7,-5.27,-0.74,8.21,000006
2025-10-28,000006,13.2,12.81,13.26,12.58,999026,1284892831.68,5.11,-3.68,-0.49,7.4,000006
2025-10-29,000006,12.76,13.03,13.68,12.71,947899,1244615014.71,7.57,1.72,0.22,7.02,000006
2025-10-30,000006,13.04,12.65,13.09,12.65,554281,709524457.19,3.38,-2.92,-0.38,4.11,000006
2025-10-31,000006,12.89,12.68,13.19,12.57,740091,953752554.14,4.9,0.24,0.03,5.48,000006
2025-11-03,000006,12.64,12.37,12.64,11.91,576471,710438711.32,5.76,-2.44,-0.31,4.27,000006
2025-11-04,000006,12.35,11.93,12.4,11.78,532427,640172918.33,5.01,-3.56,-0.44,3.94,000006
2025-11-05,000006,11.61,12.1,12.16,11.61,381436,457918654.44,4.61,1.42,0.17,2.83,000006
2025-11-06,000006,12.06,12.14,12.28,11.8,464307,562028301.45,3.97,0.33,0.04,3.44,000006
2025-11-07,000006,12.03,12.17,12.35,12.01,388962,474523624.18,2.8,0.25,0.03,2.88,000006
2025-11-10,000006,12.07,11.9,12.21,11.82,372611,446253538.41,3.2,-2.22,-0.27,2.76,000006
2025-11-11,000006,11.92,11.86,12.2,11.78,371621,444548692.5,3.53,-0.34,-0.04,2.75,000006
2025-11-12,000006,11.75,11.54,11.85,11.26,444079,510298055.77,4.97,-2.7,-0.32,3.29,000006
2025-11-13,000006,11.43,11.56,11.58,11.33,260544,299445203.5,2.17,0.17,0.02,1.93,000006
2025-11-14,000006,11.4,11.58,11.81,11.4,299967,348682841.0,3.55,0.17,0.02,2.22,000006
2025-11-17,000006,11.46,11.58,11.66,11.26,282606,322888078.51,3.45,0.0,0.0,2.09,000006
2025-11-18,000006,11.64,11.47,11.86,11.33,421722,486430385.37,4.58,-0.95,-0.11,3.12,000006
2025-11-19,000006,11.41,10.95,11.45,10.73,534212,589743931.17,6.28,-4.53,-0.52,3.96,000006
2025-11-20,000006,10.91,10.97,11.05,10.83,276205,302108522.62,2.01,0.18,0.02,2.05,000006
2025-11-21,000006,10.78,10.5,11.1,10.46,375900,404461275.58,5.83,-4.28,-0.47,2.78,000006
2025-11-24,000006,10.51,10.42,10.61,10.3,351104,366435601.56,2.95,-0.76,-0.08,2.6,000006
2025-11-25,000006,10.57,10.65,10.79,10.47,292362,311485438.41,3.07,2.21,0.23,2.17,000006
2025-11-26,000006,10.6,10.86,11.05,10.55,399061,434251638.88,4.69,1.97,0.21,2.96,000006
2025-11-27,000006,11.0,10.71,11.08,10.69,288298,312933081.24,3.59,-1.38,-0.15,2.14,000006
2025-11-28,000006,10.64,11.01,11.09,10.61,308501,335930022.71,4.48,2.8,0.3,2.29,000006
2025-12-01,000006,10.88,10.43,10.91,10.35,421977,444839931.18,5.09,-5.27,-0.58,3.13,000006
2025-12-02,000006,10.46,10.14,10.5,10.1,331722,339322049.14,3.84,-2.78,-0.29,2.46,000006
2025-12-03,000006,10.25,9.88,10.25,9.86,322771,322597626.54,3.85,-2.56,-0.26,2.39,000006
2025-12-04,000006,9.82,9.87,9.95,9.58,325256,317733946.76,3.74,-0.1,-0.01,2.41,000006
2025-12-05,000006,9.84,10.09,10.28,9.73,320333,320913515.22,5.57,2.23,0.22,2.37,000006
2025-12-08,000006,9.98,10.21,10.32,9.94,265393,269617653.43,3.77,1.19,0.12,1.97,000006
2025-12-09,000006,10.16,10.22,10.4,10.08,212673,216771115.25,3.13,0.1,0.01,1.58,000006
2025-12-10,000006,10.23,10.37,10.65,10.02,484503,498019289.83,6.16,1.47,0.15,3.59,000006
2025-12-11,000006,10.33,10.0,10.4,9.99,333615,337515823.26,3.95,-3.57,-0.37,2.47,000006
2025-12-12,000006,10.1,10.01,10.27,9.93,259932,261685943.3,3.4,0.1,0.01,1.93,000006
2025-12-15,000006,9.85,9.82,9.97,9.78,220118,217031998.8,1.9,-1.9,-0.19,1.63,000006
2025-12-16,000006,9.8,9.36,9.86,9.33,293075,278724841.9,5.4,-4.68,-0.46,2.17,000006
2025-12-17,000006,9.38,9.53,9.58,9.29,287555,271139857.68,3.1,1.82,0.17,2.13,000006
2025-12-18,000006,9.5,9.55,9.86,9.5,241884,233937213.5,3.78,0.21,0.02,1.79,000006
2025-12-19,000006,9.57,9.78,9.82,9.47,231191,223700480.12,3.66,2.41,0.23,1.71,000006
2025-12-22,000006,9.72,9.78,9.8,9.55,207886,201986082.14,2.56,0.0,0.0,1.54,000006
2025-12-23,000006,9.78,9.82,9.98,9.66,264023,258698893.96,3.27,0.41,0.04,1.96,000006
2025-12-24,000006,9.7,9.93,10.2,9.69,312742,311074795.65,5.19,1.12,0.11,2.32,000006
2025-12-25,000006,9.95,10.08,10.19,9.91,254596,255388739.24,2.82,1.51,0.15,1.89,000006
2025-12-26,000006,10.01,10.19,10.35,10.0,365186,372067390.65,3.47,1.09,0.11,2.71,000006
2025-12-29,000006,10.09,9.8,10.1,9.74,359449,354508530.49,3.53,-3.83,-0.39,2.66,000006
2025-12-30,000006,9.8,9.86,9.99,9.61,305372,298560078.78,3.88,0.61,0.06,2.26,000006
2025-12-31,000006,9.95,9.95,10.03,9.69,270369,267758675.86,3.45,0.91,0.09,2.0,000006
